mask0,0,0,0,10,0,0,368,0,0,437,4,0,484,434,0,422,899,6,555,937,1969,225,227,521,0,0,5,0,0,0,mask1,0,0,0,31,0,0,47,0,0,236,14,0,220,88,0,157,460,3,285,489,1107,254,179,119,0,0,1,0,0,0,mask2,0,0,0,0,0,0,200,0,0,171,11,0,149,195,0,227,352,4,391,573,822,51,58,363,0,0,0,0,0,0,mask3,685,606,600,255,7,12,173,164,81,65,199,27,39,165,9,214,285,286,715,715,938,134,139,319,0,0,8,0,0,0,mask4,488,510,480,702,427,0,750,467,61,67,522,114,41,110,267,59,54,744,292,308,684,1,2,44,0,0,6,0,0,0,mask5,1173,1116,1080,998,434,12,1538,631,142,976,750,141,933,992,276,1079,2050,1043,2238,3022,5520,665,605,1366,0,0,20,0,0,0,
mask0,0,0,0,30,0,0,411,2,0,493,55,2,348,404,62,440,820,68,507,903,1227,272,317,1124,0,0,18,0,0,0,mask1,0,0,0,51,0,0,59,0,0,212,15,0,220,79,0,143,434,4,203,378,801,342,324,421,0,0,4,0,0,0,mask2,0,0,0,0,0,0,181,0,0,159,0,0,140,130,0,192,372,0,458,585,573,59,102,614,0,0,2,0,0,0,mask3,671,602,600,314,10,11,161,163,80,75,222,29,37,183,11,202,283,240,644,641,926,176,176,356,0,0,25,0,0,2,mask4,480,480,469,471,281,11,890,481,8,102,520,114,41,210,148,41,52,603,291,324,944,84,52,99,0,0,4,0,0,0,mask5,1151,1082,1069,866,291,22,1702,646,88,1041,812,145,786,1006,221,1018,1961,915,2103,2831,4471,933,971,2614,0,0,53,0,0,2,
mask0,8,0,0,57,5,0,429,55,11,450,39,51,317,329,42,487,805,46,472,932,1289,281,336,1044,0,0,18,0,0,0,mask1,0,0,0,58,0,0,62,0,0,218,16,0,211,92,0,145,399,3,185,396,698,351,327,522,0,0,6,0,0,1,mask2,0,0,0,0,0,0,180,0,0,156,0,0,140,121,0,208,349,2,453,581,572,52,138,612,0,0,3,0,0,0,mask3,715,601,600,293,12,11,151,163,80,63,217,29,52,194,9,204,277,254,609,626,959,193,190,317,0,0,20,0,0,1,mask4,485,480,480,494,248,0,842,479,5,91,512,94,45,233,128,48,44,576,279,345,1000,116,59,113,0,0,4,0,0,0,mask5,1208,1081,1080,902,265,11,1664,697,96,978,784,174,765,969,179,1092,1874,881,1998,2880,4518,993,1050,2608,0,0,51,0,0,2,
mask0,21,0,0,67,36,0,419,34,46,439,36,29,318,354,32,482,784,46,460,924,1200,295,333,1127,0,0,21,0,0,0,mask1,0,0,0,56,0,0,60,0,0,240,20,0,214,100,0,139,393,2,178,383,662,343,334,558,0,0,7,0,0,1,mask2,0,0,0,0,0,0,174,0,0,143,0,0,146,122,0,223,341,2,454,591,528,49,135,655,0,0,4,0,0,0,mask3,717,600,600,303,13,10,151,172,80,63,215,30,52,200,8,202,271,251,583,611,924,209,198,356,0,0,21,0,0,0,mask4,480,480,480,463,234,0,860,471,5,96,517,86,33,231,127,55,51,565,278,351,1022,135,65,109,0,0,6,0,0,0,mask5,1218,1080,1080,889,283,10,1664,677,131,981,788,145,763,1007,167,1101,1840,866,1953,2860,4336,1031,1065,2805,0,0,59,0,0,1,
mask0,48,7,0,53,47,23,444,28,37,421,28,33,311,374,23,458,786,48,465,904,1112,301,327,1202,0,0,23,0,0,0,mask1,0,0,0,61,0,0,69,0,0,230,25,0,208,100,0,144,390,6,181,386,588,337,329,628,0,0,8,0,0,0,mask2,0,0,0,0,0,0,176,0,0,140,0,0,144,119,0,224,350,3,455,578,489,50,142,694,0,0,3,0,0,0,mask3,695,600,600,332,13,12,151,176,79,68,232,29,42,189,9,199,278,254,583,587,905,210,205,363,0,0,29,0,0,0,mask4,480,480,478,438,231,2,855,453,3,110,524,78,28,221,115,52,52,552,290,362,1050,147,77,120,0,0,2,0,0,0,mask5,1223,1087,1078,884,291,37,1695,657,119,969,809,140,733,1003,147,1077,1856,863,1974,2817,4144,1045,1080,3007,0,0,65,0,0,0,
mask0,52,16,0,56,47,34,460,23,35,413,29,27,308,401,23,451,767,46,467,895,1070,294,323,1247,0,0,19,0,0,0,mask1,0,0,0,60,0,0,87,0,0,214,26,0,210,111,0,145,404,7,181,362,608,333,327,609,0,0,6,0,0,0,mask2,0,0,0,0,0,0,181,0,0,134,0,0,147,127,0,215,345,1,466,576,509,46,141,676,0,0,3,0,0,0,mask3,697,600,600,332,14,12,158,177,80,60,250,28,41,176,10,210,292,254,568,573,925,214,198,343,0,0,27,0,0,1,mask4,480,481,480,466,232,0,812,463,2,108,523,75,35,201,116,51,51,533,289,366,1078,159,83,114,0,0,2,0,0,0,mask5,1229,1097,1080,914,293,46,1698,663,117,929,828,130,741,1016,149,1072,1859,841,1971,2772,4190,1046,1072,2989,0,0,57,0,0,1,
mask0,53,27,4,74,37,38,506,25,28,396,34,30,309,446,20,421,767,53,484,857,1260,258,308,1042,0,0,26,0,0,0,mask1,0,0,0,64,0,0,96,0,0,225,34,0,215,118,0,137,426,6,171,334,697,322,318,520,0,0,7,0,0,0,mask2,0,0,0,4,0,0,183,0,0,154,0,0,130,149,0,248,344,1,434,588,597,36,108,588,0,0,3,0,0,0,mask3,701,601,600,346,12,10,139,189,77,72,272,33,45,162,13,223,295,258,558,559,955,196,190,303,0,0,29,0,0,2,mask4,480,480,480,546,260,0,737,469,3,81,540,67,46,139,123,49,50,601,308,375,996,153,87,119,0,0,11,0,0,0,mask5,1234,1108,1084,1034,309,48,1661,683,108,928,880,130,745,1014,156,1078,1882,919,1955,2713,4505,965,1011,2572,0,0,76,0,0,2,
mask0,54,34,10,83,32,38,538,27,32,376,29,20,309,543,24,439,717,62,471,841,1564,231,278,730,0,0,21,0,0,0,mask1,0,0,0,73,0,0,97,0,0,240,40,0,202,124,0,115,440,6,176,310,948,327,316,270,0,0,5,0,0,1,mask2,0,0,0,20,0,0,164,0,0,172,1,0,126,156,0,264,346,0,414,603,742,29,83,445,0,0,2,0,0,0,mask3,799,606,600,256,6,11,140,196,76,70,294,33,48,154,16,241,306,338,562,533,996,164,185,189,0,0,21,0,0,0,mask4,480,480,480,768,289,0,541,489,0,49,495,88,37,124,125,59,56,743,332,376,843,134,91,115,0,0,6,0,0,0,mask5,1333,1120,1090,1200,327,49,1480,712,108,907,859,141,722,1101,165,1118,1865,1149,1955,2663,5093,885,953,1749,0,0,55,0,0,1,
mask0,55,38,16,97,29,35,561,25,29,360,53,20,317,566,27,417,695,66,471,811,1528,223,284,761,0,0,19,0,0,0,mask1,0,0,0,72,0,0,116,0,0,231,47,0,201,170,0,130,405,4,171,296,938,309,312,281,0,0,7,0,0,0,mask2,0,0,0,15,0,0,183,0,0,165,23,0,123,142,0,279,354,2,401,604,747,23,66,437,0,0,3,0,0,0,mask3,818,606,600,247,9,10,142,214,78,65,303,32,57,140,24,248,308,337,543,526,972,160,174,201,0,0,25,0,0,1,mask4,480,480,480,783,331,0,527,511,0,46,447,87,34,100,131,51,59,782,346,387,796,133,85,113,0,0,11,0,0,0,mask5,1353,1124,1096,1214,369,45,1529,750,107,867,873,139,732,1118,182,1125,1821,1191,1932,2624,4981,848,921,1793,0,0,65,0,0,1,
mask0,58,37,13,164,30,36,535,25,30,359,82,21,308,614,28,411,676,68,472,796,1669,194,241,619,0,0,17,0,0,0,mask1,0,0,0,75,0,0,126,0,0,234,61,0,210,174,0,124,424,14,157,282,983,304,289,227,0,0,6,0,0,0,mask2,0,0,0,48,0,0,161,0,0,164,54,0,131,123,0,285,370,5,383,602,792,17,40,389,0,0,3,0,0,0,mask3,851,605,600,225,8,11,140,253,77,69,305,32,62,124,29,253,318,372,514,512,943,166,155,193,0,0,23,0,0,0,mask4,480,480,480,900,377,0,411,536,0,40,394,93,35,73,140,58,86,827,339,363,737,137,91,111,0,0,12,0,0,0,mask5,1389,1122,1093,1412,415,47,1373,814,107,866,896,146,746,1108,197,1131,1874,1286,1865,2555,5124,818,816,1539,0,0,61,0,0,0,
mask0,64,42,20,203,24,33,537,26,24,336,161,23,323,647,32,422,657,78,446,743,1811,170,201,463,0,0,17,0,0,0,mask1,6,0,0,79,0,0,143,2,0,241,65,0,193,204,0,115,417,40,157,299,1054,296,243,130,0,0,6,0,0,0,mask2,0,0,0,84,0,0,142,0,0,168,67,0,142,158,0,345,357,5,300,591,899,8,16,283,0,0,2,0,0,0,mask3,899,609,606,190,10,5,131,291,81,74,289,29,89,135,63,242,304,457,508,512,882,147,130,139,0,0,18,0,0,0,mask4,483,480,480,1032,427,0,283,519,9,27,377,83,32,49,269,69,112,867,345,366,598,129,70,83,0,0,11,0,0,0,mask5,1452,1131,1106,1588,461,38,1236,838,114,846,959,135,779,1193,364,1193,1847,1447,1756,2511,5244,750,660,1098,0,0,54,0,0,0,
mask0,65,37,15,311,30,37,490,26,26,310,220,23,317,677,28,427,626,110,434,715,1832,147,170,418,0,0,12,0,0,0,mask1,9,0,0,81,0,0,159,7,0,256,68,0,174,245,0,120,408,58,150,322,1014,281,180,152,0,0,6,0,0,0,mask2,0,0,0,104,0,0,149,0,0,149,83,0,153,184,0,368,357,34,265,559,950,1,6,204,0,0,1,0,0,0,mask3,926,606,600,170,21,12,147,313,81,62,279,32,98,142,75,259,329,480,512,453,855,106,137,127,0,0,18,0,0,0,mask4,485,480,480,1113,507,0,205,499,20,21,326,78,33,36,320,85,140,927,325,354,484,133,58,78,0,0,13,0,0,0,mask5,1485,1123,1095,1779,558,49,1150,845,127,798,976,133,775,1284,423,1259,1860,1609,1686,2403,5135,668,551,979,0,0,50,0,0,0,
mask0,71,39,14,413,29,38,470,24,30,277,329,20,308,670,27,414,594,179,440,690,1898,108,126,289,0,0,6,0,0,0,mask1,9,0,0,107,0,0,179,10,0,246,92,0,163,294,1,118,356,78,171,392,1046,237,86,99,0,0,6,0,0,0,mask2,0,0,0,123,0,0,153,0,0,141,104,0,167,204,1,398,372,83,207,508,943,0,1,162,0,0,0,0,0,0,mask3,975,608,600,132,37,13,148,340,82,68,250,30,112,173,104,266,333,571,535,469,781,44,70,79,0,0,19,0,0,1,mask4,501,481,480,1153,573,0,147,503,36,26,262,71,27,28,484,121,180,819,310,329,445,115,44,60,0,0,5,0,0,0,mask5,1556,1128,1094,1928,639,51,1097,877,148,758,1037,121,777,1369,617,1317,1835,1730,1663,2388,5113,504,327,689,0,0,36,0,0,1,
mask0,74,38,17,657,36,42,397,99,27,317,771,26,418,597,66,391,681,1709,247,275,585,0,4,29,0,0,0,0,0,0,mask1,37,0,0,145,0,0,271,46,0,200,258,1,114,396,34,171,266,938,292,264,252,0,0,5,0,0,0,0,0,0,mask2,0,0,0,188,0,0,186,50,0,167,213,0,383,341,10,265,569,840,0,16,337,0,0,2,0,0,0,0,0,0,mask3,1047,609,605,107,139,15,154,445,79,67,158,63,222,266,399,542,482,852,141,181,255,0,0,12,0,0,0,0,0,0,mask4,687,537,480,1094,766,0,27,462,85,31,65,273,57,95,833,295,321,614,209,154,110,0,0,4,0,0,1,0,0,0,mask5,1845,1184,1102,2191,941,57,1035,1102,191,782,1465,363,1194,1695,1342,1664,2319,4953,889,890,1539,0,4,52,0,0,1,0,0,0,
mask0,187,58,31,903,97,51,417,853,23,545,836,588,430,618,1667,19,38,134,0,1,7,0,0,0,0,0,0,0,0,0,mask1,67,0,0,343,31,0,303,343,0,173,407,309,343,448,900,1,1,21,0,0,0,0,0,0,0,0,0,0,0,0,mask2,44,0,0,308,46,0,235,240,0,594,611,218,8,292,925,0,0,46,0,0,0,0,0,0,0,0,0,0,0,0,mask3,1117,637,616,151,501,66,133,237,96,416,453,827,463,449,624,0,3,51,0,0,0,0,0,0,0,0,0,0,0,0,mask4,1440,848,478,367,903,56,36,84,410,196,215,1026,360,348,399,1,2,29,0,0,2,0,0,0,0,0,0,0,0,0,mask5,2855,1543,1125,2072,1578,173,1124,1757,529,1924,2522,2968,1604,2155,4515,21,44,281,0,1,9,0,0,0,0,0,0,0,0,0,
mask0,669,76,51,752,832,47,740,1069,1143,329,501,1211,11,23,47,0,0,2,0,0,0,0,0,0,0,0,0,0,0,0,mask1,161,0,0,486,299,0,282,541,591,301,390,635,0,0,4,0,0,0,0,0,0,0,0,0,0,0,0,0,0,0,mask2,180,0,0,346,264,0,663,803,473,0,122,715,0,0,1,0,0,0,0,0,0,0,0,0,0,0,0,0,0,0,mask3,1207,786,658,162,532,81,556,543,1017,355,418,509,0,1,15,0,0,0,0,0,0,0,0,0,0,0,0,0,0,0,mask4,1781,1324,480,58,502,485,195,251,1069,366,323,359,0,0,7,0,0,0,0,0,0,0,0,0,0,0,0,0,0,0,mask5,3998,2186,1189,1804,2429,613,2436,3207,4293,1351,1754,3429,11,24,74,0,0,2,0,0,0,0,0,0,0,0,0,0,0,0,
mask0,1178,313,76,1011,1684,1352,305,487,1042,7,16,29,0,1,2,0,0,0,0,0,0,0,0,0,0,0,0,0,0,0,mask1,444,48,0,486,813,690,300,369,538,0,0,2,0,0,0,0,0,0,0,0,0,0,0,0,0,0,0,0,0,0,mask2,395,85,0,794,1017,565,0,87,624,0,0,0,0,0,0,0,0,0,0,0,0,0,0,0,0,0,0,0,0,0,mask3,1318,1201,719,615,673,1074,347,406,484,0,0,3,0,0,0,0,0,0,0,0,0,0,0,0,0,0,0,0,0,0,mask4,1823,1799,722,207,297,1418,370,304,258,0,0,2,0,0,0,0,0,0,0,0,0,0,0,0,0,0,0,0,0,0,mask5,5158,3446,1517,3113,4484,5099,1322,1653,2946,7,16,36,0,1,2,0,0,0,0,0,0,0,0,0,0,0,0,0,0,0,
mask0,2501,2496,2478,0,5,23,0,0,0,0,0,0,0,0,0,0,0,0,0,0,0,0,0,0,0,0,0,0,0,0,mask1,1230,1230,1230,0,0,0,0,0,0,0,0,0,0,0,0,0,0,0,0,0,0,0,0,0,0,0,0,0,0,0,mask2,1189,1189,1189,0,0,0,0,0,0,0,0,0,0,0,0,0,0,0,0,0,0,0,0,0,0,0,0,0,0,0,mask3,2280,2278,2276,0,2,4,0,0,0,0,0,0,0,0,0,0,0,0,0,0,0,0,0,0,0,0,0,0,0,0,mask4,2400,2400,2400,0,0,0,0,0,0,0,0,0,0,0,0,0,0,0,0,0,0,0,0,0,0,0,0,0,0,0,mask5,9600,9593,9573,0,7,27,0,0,0,0,0,0,0,0,0,0,0,0,0,0,0,0,0,0,0,0,0,0,0,0,
mask0,2501,2501,2501,0,0,0,0,0,0,0,0,0,0,0,0,0,0,0,0,0,0,0,0,0,0,0,0,0,0,0,mask1,1230,1230,1230,0,0,0,0,0,0,0,0,0,0,0,0,0,0,0,0,0,0,0,0,0,0,0,0,0,0,0,mask2,1189,1189,1189,0,0,0,0,0,0,0,0,0,0,0,0,0,0,0,0,0,0,0,0,0,0,0,0,0,0,0,mask3,2280,2280,2280,0,0,0,0,0,0,0,0,0,0,0,0,0,0,0,0,0,0,0,0,0,0,0,0,0,0,0,mask4,2400,2400,2400,0,0,0,0,0,0,0,0,0,0,0,0,0,0,0,0,0,0,0,0,0,0,0,0,0,0,0,mask5,9600,9600,9600,0,0,0,0,0,0,0,0,0,0,0,0,0,0,0,0,0,0,0,0,0,0,0,0,0,0,0,
mask0,2499,2500,2500,2,1,1,0,0,0,0,0,0,0,0,0,0,0,0,0,0,0,0,0,0,0,0,0,0,0,0,mask1,1230,1230,1230,0,0,0,0,0,0,0,0,0,0,0,0,0,0,0,0,0,0,0,0,0,0,0,0,0,0,0,mask2,1189,1189,1189,0,0,0,0,0,0,0,0,0,0,0,0,0,0,0,0,0,0,0,0,0,0,0,0,0,0,0,mask3,2280,2280,2280,0,0,0,0,0,0,0,0,0,0,0,0,0,0,0,0,0,0,0,0,0,0,0,0,0,0,0,mask4,2400,2400,2400,0,0,0,0,0,0,0,0,0,0,0,0,0,0,0,0,0,0,0,0,0,0,0,0,0,0,0,mask5,9598,9599,9599,2,1,1,0,0,0,0,0,0,0,0,0,0,0,0,0,0,0,0,0,0,0,0,0,0,0,0,
mask0,2389,2389,2387,96,98,100,16,14,14,0,0,0,0,0,0,0,0,0,0,0,0,0,0,0,0,0,0,0,0,0,mask1,1230,1230,1230,0,0,0,0,0,0,0,0,0,0,0,0,0,0,0,0,0,0,0,0,0,0,0,0,0,0,0,mask2,1189,1189,1189,0,0,0,0,0,0,0,0,0,0,0,0,0,0,0,0,0,0,0,0,0,0,0,0,0,0,0,mask3,2280,2280,2280,0,0,0,0,0,0,0,0,0,0,0,0,0,0,0,0,0,0,0,0,0,0,0,0,0,0,0,mask4,2400,2400,2400,0,0,0,0,0,0,0,0,0,0,0,0,0,0,0,0,0,0,0,0,0,0,0,0,0,0,0,mask5,9488,9488,9486,96,98,100,16,14,14,0,0,0,0,0,0,0,0,0,0,0,0,0,0,0,0,0,0,0,0,0,
mask0,2342,2342,2340,55,55,56,57,58,58,47,46,47,0,0,0,0,0,0,0,0,0,0,0,0,0,0,0,0,0,0,mask1,1230,1230,1230,0,0,0,0,0,0,0,0,0,0,0,0,0,0,0,0,0,0,0,0,0,0,0,0,0,0,0,mask2,1189,1189,1189,0,0,0,0,0,0,0,0,0,0,0,0,0,0,0,0,0,0,0,0,0,0,0,0,0,0,0,mask3,2280,2280,2280,0,0,0,0,0,0,0,0,0,0,0,0,0,0,0,0,0,0,0,0,0,0,0,0,0,0,0,mask4,2400,2400,2400,0,0,0,0,0,0,0,0,0,0,0,0,0,0,0,0,0,0,0,0,0,0,0,0,0,0,0,mask5,9441,9441,9439,55,55,56,57,58,58,47,46,47,0,0,0,0,0,0,0,0,0,0,0,0,0,0,0,0,0,0,
mask0,2319,2319,2318,49,49,50,34,34,34,36,36,36,58,58,57,5,5,6,0,0,0,0,0,0,0,0,0,0,0,0,mask1,1230,1230,1230,0,0,0,0,0,0,0,0,0,0,0,0,0,0,0,0,0,0,0,0,0,0,0,0,0,0,0,mask2,1189,1189,1189,0,0,0,0,0,0,0,0,0,0,0,0,0,0,0,0,0,0,0,0,0,0,0,0,0,0,0,mask3,2280,2280,2280,0,0,0,0,0,0,0,0,0,0,0,0,0,0,0,0,0,0,0,0,0,0,0,0,0,0,0,mask4,2400,2400,2400,0,0,0,0,0,0,0,0,0,0,0,0,0,0,0,0,0,0,0,0,0,0,0,0,0,0,0,mask5,9418,9418,9417,49,49,50,34,34,34,36,36,36,58,58,57,5,5,6,0,0,0,0,0,0,0,0,0,0,0,0,
mask0,2311,2311,2311,37,37,37,37,37,37,34,34,33,25,25,26,57,57,57,0,0,0,0,0,0,0,0,0,0,0,0,mask1,1230,1230,1230,0,0,0,0,0,0,0,0,0,0,0,0,0,0,0,0,0,0,0,0,0,0,0,0,0,0,0,mask2,1189,1189,1189,0,0,0,0,0,0,0,0,0,0,0,0,0,0,0,0,0,0,0,0,0,0,0,0,0,0,0,mask3,2280,2280,2280,0,0,0,0,0,0,0,0,0,0,0,0,0,0,0,0,0,0,0,0,0,0,0,0,0,0,0,mask4,2400,2400,2400,0,0,0,0,0,0,0,0,0,0,0,0,0,0,0,0,0,0,0,0,0,0,0,0,0,0,0,mask5,9410,9410,9410,37,37,37,37,37,37,34,34,33,25,25,26,57,57,57,0,0,0,0,0,0,0,0,0,0,0,0,
mask0,2304,2304,2304,37,37,37,25,25,25,19,19,19,26,26,26,23,24,24,36,36,36,31,30,30,0,0,0,0,0,0,mask1,1230,1230,1230,0,0,0,0,0,0,0,0,0,0,0,0,0,0,0,0,0,0,0,0,0,0,0,0,0,0,0,mask2,1189,1189,1189,0,0,0,0,0,0,0,0,0,0,0,0,0,0,0,0,0,0,0,0,0,0,0,0,0,0,0,mask3,2280,2280,2280,0,0,0,0,0,0,0,0,0,0,0,0,0,0,0,0,0,0,0,0,0,0,0,0,0,0,0,mask4,2400,2400,2400,0,0,0,0,0,0,0,0,0,0,0,0,0,0,0,0,0,0,0,0,0,0,0,0,0,0,0,mask5,9403,9403,9403,37,37,37,25,25,25,19,19,19,26,26,26,23,24,24,36,36,36,31,30,30,0,0,0,0,0,0,
mask0,2306,2305,2307,27,28,32,28,27,23,16,17,19,24,24,21,22,22,22,25,25,27,48,47,48,5,6,2,0,0,0,mask1,1230,1230,1230,0,0,0,0,0,0,0,0,0,0,0,0,0,0,0,0,0,0,0,0,0,0,0,0,0,0,0,mask2,1189,1189,1189,0,0,0,0,0,0,0,0,0,0,0,0,0,0,0,0,0,0,0,0,0,0,0,0,0,0,0,mask3,2280,2280,2280,0,0,0,0,0,0,0,0,0,0,0,0,0,0,0,0,0,0,0,0,0,0,0,0,0,0,0,mask4,2400,2400,2400,0,0,0,0,0,0,0,0,0,0,0,0,0,0,0,0,0,0,0,0,0,0,0,0,0,0,0,mask5,9405,9404,9406,27,28,32,28,27,23,16,17,19,24,24,21,22,22,22,25,25,27,48,47,48,5,6,2,0,0,0,
mask0,2299,2297,2301,29,30,30,28,28,25,16,16,16,18,19,19,20,20,20,19,19,22,22,21,19,47,46,48,3,5,1,mask1,1230,1230,1230,0,0,0,0,0,0,0,0,0,0,0,0,0,0,0,0,0,0,0,0,0,0,0,0,0,0,0,mask2,1189,1189,1189,0,0,0,0,0,0,0,0,0,0,0,0,0,0,0,0,0,0,0,0,0,0,0,0,0,0,0,mask3,2280,2280,2280,0,0,0,0,0,0,0,0,0,0,0,0,0,0,0,0,0,0,0,0,0,0,0,0,0,0,0,mask4,2400,2400,2400,0,0,0,0,0,0,0,0,0,0,0,0,0,0,0,0,0,0,0,0,0,0,0,0,0,0,0,mask5,9398,9396,9400,29,30,30,28,28,25,16,16,16,18,19,19,20,20,20,19,19,22,22,21,19,47,46,48,3,5,1,
mask0,2293,2292,2296,36,37,35,27,26,25,16,17,16,17,17,19,22,22,21,18,18,20,22,22,19,44,44,48,6,6,2,mask1,1230,1230,1230,0,0,0,0,0,0,0,0,0,0,0,0,0,0,0,0,0,0,0,0,0,0,0,0,0,0,0,mask2,1189,1189,1189,0,0,0,0,0,0,0,0,0,0,0,0,0,0,0,0,0,0,0,0,0,0,0,0,0,0,0,mask3,2280,2280,2280,0,0,0,0,0,0,0,0,0,0,0,0,0,0,0,0,0,0,0,0,0,0,0,0,0,0,0,mask4,2400,2400,2400,0,0,0,0,0,0,0,0,0,0,0,0,0,0,0,0,0,0,0,0,0,0,0,0,0,0,0,mask5,9392,9391,9395,36,37,35,27,26,25,16,17,16,17,17,19,22,22,21,18,18,20,22,22,19,44,44,48,6,6,2,
mask0,2293,2292,2296,36,37,36,27,26,26,16,17,15,17,17,18,21,21,22,18,18,19,20,20,18,48,46,49,5,7,2,mask1,1230,1230,1230,0,0,0,0,0,0,0,0,0,0,0,0,0,0,0,0,0,0,0,0,0,0,0,0,0,0,0,mask2,1189,1189,1189,0,0,0,0,0,0,0,0,0,0,0,0,0,0,0,0,0,0,0,0,0,0,0,0,0,0,0,mask3,2280,2280,2280,0,0,0,0,0,0,0,0,0,0,0,0,0,0,0,0,0,0,0,0,0,0,0,0,0,0,0,mask4,2400,2400,2400,0,0,0,0,0,0,0,0,0,0,0,0,0,0,0,0,0,0,0,0,0,0,0,0,0,0,0,mask5,9392,9391,9395,36,37,36,27,26,26,16,17,15,17,17,18,21,21,22,18,18,19,20,20,18,48,46,49,5,7,2,
mask0,2293,2293,2296,36,35,35,26,25,27,17,19,15,16,16,18,22,22,22,19,19,19,19,17,18,45,40,46,8,15,5,mask1,1230,1230,1230,0,0,0,0,0,0,0,0,0,0,0,0,0,0,0,0,0,0,0,0,0,0,0,0,0,0,0,mask2,1189,1189,1189,0,0,0,0,0,0,0,0,0,0,0,0,0,0,0,0,0,0,0,0,0,0,0,0,0,0,0,mask3,2280,2280,2280,0,0,0,0,0,0,0,0,0,0,0,0,0,0,0,0,0,0,0,0,0,0,0,0,0,0,0,mask4,2400,2400,2400,0,0,0,0,0,0,0,0,0,0,0,0,0,0,0,0,0,0,0,0,0,0,0,0,0,0,0,mask5,9392,9392,9395,36,35,35,26,25,27,17,19,15,16,16,18,22,22,22,19,19,19,19,17,18,45,40,46,8,15,5,
mask0,2294,2294,2296,36,35,35,25,24,27,17,19,15,18,18,19,23,23,23,17,17,18,19,17,17,39,35,42,13,19,9,mask1,1230,1230,1230,0,0,0,0,0,0,0,0,0,0,0,0,0,0,0,0,0,0,0,0,0,0,0,0,0,0,0,mask2,1189,1189,1189,0,0,0,0,0,0,0,0,0,0,0,0,0,0,0,0,0,0,0,0,0,0,0,0,0,0,0,mask3,2280,2280,2280,0,0,0,0,0,0,0,0,0,0,0,0,0,0,0,0,0,0,0,0,0,0,0,0,0,0,0,mask4,2400,2400,2400,0,0,0,0,0,0,0,0,0,0,0,0,0,0,0,0,0,0,0,0,0,0,0,0,0,0,0,mask5,9393,9393,9395,36,35,35,25,24,27,17,19,15,18,18,19,23,23,23,17,17,18,19,17,17,39,35,42,13,19,9,
mask0,2294,2294,2297,36,35,33,27,27,28,14,15,15,19,19,19,23,22,23,15,16,16,21,19,19,41,41,44,11,13,7,mask1,1230,1230,1230,0,0,0,0,0,0,0,0,0,0,0,0,0,0,0,0,0,0,0,0,0,0,0,0,0,0,0,mask2,1189,1189,1189,0,0,0,0,0,0,0,0,0,0,0,0,0,0,0,0,0,0,0,0,0,0,0,0,0,0,0,mask3,2280,2280,2280,0,0,0,0,0,0,0,0,0,0,0,0,0,0,0,0,0,0,0,0,0,0,0,0,0,0,0,mask4,2400,2400,2400,0,0,0,0,0,0,0,0,0,0,0,0,0,0,0,0,0,0,0,0,0,0,0,0,0,0,0,mask5,9393,9393,9396,36,35,33,27,27,28,14,15,15,19,19,19,23,22,23,15,16,16,21,19,19,41,41,44,11,13,7,
mask0,2294,2293,2297,36,36,33,27,27,28,14,15,15,19,19,19,23,23,23,16,16,17,20,18,18,38,35,42,14,19,9,mask1,1230,1230,1230,0,0,0,0,0,0,0,0,0,0,0,0,0,0,0,0,0,0,0,0,0,0,0,0,0,0,0,mask2,1189,1189,1189,0,0,0,0,0,0,0,0,0,0,0,0,0,0,0,0,0,0,0,0,0,0,0,0,0,0,0,mask3,2280,2280,2280,0,0,0,0,0,0,0,0,0,0,0,0,0,0,0,0,0,0,0,0,0,0,0,0,0,0,0,mask4,2400,2400,2400,0,0,0,0,0,0,0,0,0,0,0,0,0,0,0,0,0,0,0,0,0,0,0,0,0,0,0,mask5,9393,9392,9396,36,36,33,27,27,28,14,15,15,19,19,19,23,23,23,16,16,17,20,18,18,38,35,42,14,19,9,
mask0,2297,2297,2300,30,29,28,25,25,28,19,18,15,18,20,20,22,21,26,14,14,10,17,18,18,35,34,39,24,25,17,mask1,1230,1230,1230,0,0,0,0,0,0,0,0,0,0,0,0,0,0,0,0,0,0,0,0,0,0,0,0,0,0,0,mask2,1189,1189,1189,0,0,0,0,0,0,0,0,0,0,0,0,0,0,0,0,0,0,0,0,0,0,0,0,0,0,0,mask3,2280,2280,2280,0,0,0,0,0,0,0,0,0,0,0,0,0,0,0,0,0,0,0,0,0,0,0,0,0,0,0,mask4,2400,2400,2400,0,0,0,0,0,0,0,0,0,0,0,0,0,0,0,0,0,0,0,0,0,0,0,0,0,0,0,mask5,9396,9396,9399,30,29,28,25,25,28,19,18,15,18,20,20,22,21,26,14,14,10,17,18,18,35,34,39,24,25,17,
mask0,2297,2297,2299,30,30,29,25,24,28,18,18,14,18,19,21,19,18,25,16,17,10,21,21,19,32,31,43,25,26,13,mask1,1230,1230,1230,0,0,0,0,0,0,0,0,0,0,0,0,0,0,0,0,0,0,0,0,0,0,0,0,0,0,0,mask2,1189,1189,1189,0,0,0,0,0,0,0,0,0,0,0,0,0,0,0,0,0,0,0,0,0,0,0,0,0,0,0,mask3,2280,2280,2280,0,0,0,0,0,0,0,0,0,0,0,0,0,0,0,0,0,0,0,0,0,0,0,0,0,0,0,mask4,2400,2400,2400,0,0,0,0,0,0,0,0,0,0,0,0,0,0,0,0,0,0,0,0,0,0,0,0,0,0,0,mask5,9396,9396,9398,30,30,29,25,24,28,18,18,14,18,19,21,19,18,25,16,17,10,21,21,19,32,31,43,25,26,13,
mask0,2297,2297,2300,30,30,28,25,24,28,18,18,14,19,20,21,22,21,26,14,15,11,19,19,17,32,31,39,25,26,17,mask1,1230,1230,1230,0,0,0,0,0,0,0,0,0,0,0,0,0,0,0,0,0,0,0,0,0,0,0,0,0,0,0,mask2,1189,1189,1189,0,0,0,0,0,0,0,0,0,0,0,0,0,0,0,0,0,0,0,0,0,0,0,0,0,0,0,mask3,2280,2280,2280,0,0,0,0,0,0,0,0,0,0,0,0,0,0,0,0,0,0,0,0,0,0,0,0,0,0,0,mask4,2400,2400,2400,0,0,0,0,0,0,0,0,0,0,0,0,0,0,0,0,0,0,0,0,0,0,0,0,0,0,0,mask5,9396,9396,9399,30,30,28,25,24,28,18,18,14,19,20,21,22,21,26,14,15,11,19,19,17,32,31,39,25,26,17,
mask0,2297,2297,2300,30,30,28,25,24,28,18,18,14,19,20,21,22,21,26,13,14,10,20,20,18,32,31,39,25,26,17,mask1,1230,1230,1230,0,0,0,0,0,0,0,0,0,0,0,0,0,0,0,0,0,0,0,0,0,0,0,0,0,0,0,mask2,1189,1189,1189,0,0,0,0,0,0,0,0,0,0,0,0,0,0,0,0,0,0,0,0,0,0,0,0,0,0,0,mask3,2280,2280,2280,0,0,0,0,0,0,0,0,0,0,0,0,0,0,0,0,0,0,0,0,0,0,0,0,0,0,0,mask4,2400,2400,2400,0,0,0,0,0,0,0,0,0,0,0,0,0,0,0,0,0,0,0,0,0,0,0,0,0,0,0,mask5,9396,9396,9399,30,30,28,25,24,28,18,18,14,19,20,21,22,21,26,13,14,10,20,20,18,32,31,39,25,26,17,
mask0,2297,2297,2300,30,30,28,25,24,28,18,18,14,19,20,21,22,21,26,15,16,12,18,18,16,32,31,39,25,26,17,mask1,1230,1230,1230,0,0,0,0,0,0,0,0,0,0,0,0,0,0,0,0,0,0,0,0,0,0,0,0,0,0,0,mask2,1189,1189,1189,0,0,0,0,0,0,0,0,0,0,0,0,0,0,0,0,0,0,0,0,0,0,0,0,0,0,0,mask3,2280,2280,2280,0,0,0,0,0,0,0,0,0,0,0,0,0,0,0,0,0,0,0,0,0,0,0,0,0,0,0,mask4,2400,2400,2400,0,0,0,0,0,0,0,0,0,0,0,0,0,0,0,0,0,0,0,0,0,0,0,0,0,0,0,mask5,9396,9396,9399,30,30,28,25,24,28,18,18,14,19,20,21,22,21,26,15,16,12,18,18,16,32,31,39,25,26,17,
mask0,2297,2297,2300,30,30,28,25,24,28,18,18,14,19,20,21,22,21,26,15,16,12,18,18,16,34,33,39,23,24,17,mask1,1230,1230,1230,0,0,0,0,0,0,0,0,0,0,0,0,0,0,0,0,0,0,0,0,0,0,0,0,0,0,0,mask2,1189,1189,1189,0,0,0,0,0,0,0,0,0,0,0,0,0,0,0,0,0,0,0,0,0,0,0,0,0,0,0,mask3,2280,2280,2280,0,0,0,0,0,0,0,0,0,0,0,0,0,0,0,0,0,0,0,0,0,0,0,0,0,0,0,mask4,2400,2400,2400,0,0,0,0,0,0,0,0,0,0,0,0,0,0,0,0,0,0,0,0,0,0,0,0,0,0,0,mask5,9396,9396,9399,30,30,28,25,24,28,18,18,14,19,20,21,22,21,26,15,16,12,18,18,16,34,33,39,23,24,17,
mask0,2297,2297,2300,30,30,28,25,24,28,18,18,14,19,20,21,22,21,26,15,16,12,18,18,16,32,31,39,25,26,17,mask1,1230,1230,1230,0,0,0,0,0,0,0,0,0,0,0,0,0,0,0,0,0,0,0,0,0,0,0,0,0,0,0,mask2,1189,1189,1189,0,0,0,0,0,0,0,0,0,0,0,0,0,0,0,0,0,0,0,0,0,0,0,0,0,0,0,mask3,2280,2280,2280,0,0,0,0,0,0,0,0,0,0,0,0,0,0,0,0,0,0,0,0,0,0,0,0,0,0,0,mask4,2400,2400,2400,0,0,0,0,0,0,0,0,0,0,0,0,0,0,0,0,0,0,0,0,0,0,0,0,0,0,0,mask5,9396,9396,9399,30,30,28,25,24,28,18,18,14,19,20,21,22,21,26,15,16,12,18,18,16,32,31,39,25,26,17,
mask0,2297,2297,2300,30,28,29,24,25,27,18,19,14,16,16,18,24,23,23,15,16,14,21,20,21,28,23,38,28,34,17,mask1,1230,1230,1230,0,0,0,0,0,0,0,0,0,0,0,0,0,0,0,0,0,0,0,0,0,0,0,0,0,0,0,mask2,1189,1189,1189,0,0,0,0,0,0,0,0,0,0,0,0,0,0,0,0,0,0,0,0,0,0,0,0,0,0,0,mask3,2280,2280,2280,0,0,0,0,0,0,0,0,0,0,0,0,0,0,0,0,0,0,0,0,0,0,0,0,0,0,0,mask4,2400,2400,2400,0,0,0,0,0,0,0,0,0,0,0,0,0,0,0,0,0,0,0,0,0,0,0,0,0,0,0,mask5,9396,9396,9399,30,28,29,24,25,27,18,19,14,16,16,18,24,23,23,15,16,14,21,20,21,28,23,38,28,34,17,
mask0,2297,2297,2300,30,28,29,24,25,27,18,19,14,16,16,18,24,23,23,15,16,14,21,20,21,28,23,38,28,34,17,mask1,1230,1230,1230,0,0,0,0,0,0,0,0,0,0,0,0,0,0,0,0,0,0,0,0,0,0,0,0,0,0,0,mask2,1189,1189,1189,0,0,0,0,0,0,0,0,0,0,0,0,0,0,0,0,0,0,0,0,0,0,0,0,0,0,0,mask3,2280,2280,2280,0,0,0,0,0,0,0,0,0,0,0,0,0,0,0,0,0,0,0,0,0,0,0,0,0,0,0,mask4,2400,2400,2400,0,0,0,0,0,0,0,0,0,0,0,0,0,0,0,0,0,0,0,0,0,0,0,0,0,0,0,mask5,9396,9396,9399,30,28,29,24,25,27,18,19,14,16,16,18,24,23,23,15,16,14,21,20,21,28,23,38,28,34,17,
mask0,2297,2297,2300,30,28,29,24,25,27,18,19,14,16,16,18,24,23,23,15,16,14,21,20,21,28,23,38,28,34,17,mask1,1230,1230,1230,0,0,0,0,0,0,0,0,0,0,0,0,0,0,0,0,0,0,0,0,0,0,0,0,0,0,0,mask2,1189,1189,1189,0,0,0,0,0,0,0,0,0,0,0,0,0,0,0,0,0,0,0,0,0,0,0,0,0,0,0,mask3,2280,2280,2280,0,0,0,0,0,0,0,0,0,0,0,0,0,0,0,0,0,0,0,0,0,0,0,0,0,0,0,mask4,2400,2400,2400,0,0,0,0,0,0,0,0,0,0,0,0,0,0,0,0,0,0,0,0,0,0,0,0,0,0,0,mask5,9396,9396,9399,30,28,29,24,25,27,18,19,14,16,16,18,24,23,23,15,16,14,21,20,21,28,23,38,28,34,17,
mask0,2297,2297,2300,30,28,29,24,25,27,18,19,14,16,16,18,24,23,23,15,16,14,21,20,21,28,23,38,28,34,17,mask1,1230,1230,1230,0,0,0,0,0,0,0,0,0,0,0,0,0,0,0,0,0,0,0,0,0,0,0,0,0,0,0,mask2,1189,1189,1189,0,0,0,0,0,0,0,0,0,0,0,0,0,0,0,0,0,0,0,0,0,0,0,0,0,0,0,mask3,2280,2280,2280,0,0,0,0,0,0,0,0,0,0,0,0,0,0,0,0,0,0,0,0,0,0,0,0,0,0,0,mask4,2400,2400,2400,0,0,0,0,0,0,0,0,0,0,0,0,0,0,0,0,0,0,0,0,0,0,0,0,0,0,0,mask5,9396,9396,9399,30,28,29,24,25,27,18,19,14,16,16,18,24,23,23,15,16,14,21,20,21,28,23,38,28,34,17,
mask0,2297,2297,2300,30,28,29,24,25,27,18,19,14,16,16,18,24,23,23,15,16,14,21,20,21,28,23,38,28,34,17,mask1,1230,1230,1230,0,0,0,0,0,0,0,0,0,0,0,0,0,0,0,0,0,0,0,0,0,0,0,0,0,0,0,mask2,1189,1189,1189,0,0,0,0,0,0,0,0,0,0,0,0,0,0,0,0,0,0,0,0,0,0,0,0,0,0,0,mask3,2280,2280,2280,0,0,0,0,0,0,0,0,0,0,0,0,0,0,0,0,0,0,0,0,0,0,0,0,0,0,0,mask4,2400,2400,2400,0,0,0,0,0,0,0,0,0,0,0,0,0,0,0,0,0,0,0,0,0,0,0,0,0,0,0,mask5,9396,9396,9399,30,28,29,24,25,27,18,19,14,16,16,18,24,23,23,15,16,14,21,20,21,28,23,38,28,34,17,
mask0,2297,2297,2300,30,28,29,24,25,27,18,19,14,16,16,18,24,23,23,15,16,14,21,20,21,28,23,38,28,34,17,mask1,1230,1230,1230,0,0,0,0,0,0,0,0,0,0,0,0,0,0,0,0,0,0,0,0,0,0,0,0,0,0,0,mask2,1189,1189,1189,0,0,0,0,0,0,0,0,0,0,0,0,0,0,0,0,0,0,0,0,0,0,0,0,0,0,0,mask3,2280,2280,2280,0,0,0,0,0,0,0,0,0,0,0,0,0,0,0,0,0,0,0,0,0,0,0,0,0,0,0,mask4,2400,2400,2400,0,0,0,0,0,0,0,0,0,0,0,0,0,0,0,0,0,0,0,0,0,0,0,0,0,0,0,mask5,9396,9396,9399,30,28,29,24,25,27,18,19,14,16,16,18,24,23,23,15,16,14,21,20,21,28,23,38,28,34,17,
mask0,2296,2296,2299,31,29,30,24,25,26,18,19,15,16,16,18,21,20,19,17,17,17,22,22,22,38,35,50,18,22,5,mask1,1230,1230,1230,0,0,0,0,0,0,0,0,0,0,0,0,0,0,0,0,0,0,0,0,0,0,0,0,0,0,0,mask2,1189,1189,1189,0,0,0,0,0,0,0,0,0,0,0,0,0,0,0,0,0,0,0,0,0,0,0,0,0,0,0,mask3,2280,2280,2280,0,0,0,0,0,0,0,0,0,0,0,0,0,0,0,0,0,0,0,0,0,0,0,0,0,0,0,mask4,2400,2400,2400,0,0,0,0,0,0,0,0,0,0,0,0,0,0,0,0,0,0,0,0,0,0,0,0,0,0,0,mask5,9395,9395,9398,31,29,30,24,25,26,18,19,15,16,16,18,21,20,19,17,17,17,22,22,22,38,35,50,18,22,5,
mask0,1734,1910,1999,549,396,322,86,67,56,19,25,34,34,34,32,44,49,45,28,18,13,7,2,0,0,0,0,0,0,0,mask1,1144,1152,1143,68,59,68,13,14,14,5,5,5,0,0,0,0,0,0,0,0,0,0,0,0,0,0,0,0,0,0,mask2,634,713,860,513,404,289,39,69,39,3,3,1,0,0,0,0,0,0,0,0,0,0,0,0,0,0,0,0,0,0,mask3,2045,2120,2158,188,140,118,47,20,4,0,0,0,0,0,0,0,0,0,0,0,0,0,0,0,0,0,0,0,0,0,mask4,2051,2084,2139,306,235,216,29,71,43,14,10,2,0,0,0,0,0,0,0,0,0,0,0,0,0,0,0,0,0,0,mask5,7608,7979,8299,1624,1234,1013,214,241,156,41,43,42,34,34,32,44,49,45,28,18,13,7,2,0,0,0,0,0,0,0,
mask0,749,1337,1695,738,568,321,438,247,215,268,143,118,187,92,69,87,94,73,30,18,8,3,2,0,1,0,2,0,0,0,mask1,757,756,758,283,287,243,113,119,157,28,28,31,24,14,14,13,14,12,3,3,6,2,2,2,7,7,6,0,0,1,mask2,187,211,306,184,253,313,345,340,269,244,168,141,141,101,85,65,78,58,16,24,11,2,8,4,5,6,2,0,0,0,mask3,1475,1618,1767,369,341,271,224,194,172,98,56,39,40,41,15,39,19,14,24,10,2,9,1,0,2,0,0,0,0,0,mask4,1431,1572,1689,452,387,362,209,154,133,148,109,79,70,75,56,50,36,58,10,24,10,9,27,10,13,16,3,8,0,0,mask5,4599,5494,6215,2026,1836,1510,1329,1054,946,786,504,408,462,323,239,254,241,215,83,79,37,25,40,16,28,29,13,8,0,1,
mask0,648,1307,1648,764,579,367,456,240,175,288,144,154,188,119,80,114,88,54,38,21,19,5,3,3,0,0,1,0,0,0,mask1,732,741,719,307,306,256,105,108,163,34,35,46,18,7,12,19,18,17,4,4,6,4,4,3,7,7,8,0,0,0,mask2,201,230,270,173,238,332,359,342,295,229,173,143,149,95,74,50,74,51,20,22,18,3,10,4,5,5,2,0,0,0,mask3,1431,1601,1756,409,371,291,202,171,142,118,56,59,40,46,11,35,20,15,33,11,4,6,4,2,6,0,0,0,0,0,mask4,1401,1560,1672,477,413,393,216,145,136,141,117,72,67,61,45,55,33,51,9,29,15,12,25,13,16,17,3,6,0,0,mask5,4413,5439,6065,2130,1907,1639,1338,1006,911,810,525,474,462,328,222,273,233,188,104,87,62,30,46,25,34,29,14,6,0,0,
mask0,638,1280,1646,746,608,342,468,215,199,278,176,162,227,129,91,93,68,39,43,18,15,6,6,3,2,1,4,0,0,0,mask1,692,725,698,331,313,256,115,117,168,38,33,62,25,16,20,10,7,6,9,10,8,5,4,6,4,4,4,1,1,2,mask2,206,237,257,167,235,359,353,334,286,221,171,145,158,109,65,58,61,54,18,23,19,5,13,2,2,4,2,1,2,0,mask3,1377,1558,1713,423,396,330,229,192,145,127,58,52,47,44,20,35,14,11,27,16,8,8,2,1,7,0,0,0,0,0,mask4,1392,1582,1681,488,405,386,216,160,141,151,99,77,64,59,41,50,27,44,8,28,16,6,25,9,18,14,5,7,1,0,mask5,4305,5382,5995,2155,1957,1673,1381,1018,939,815,537,498,521,357,237,246,177,154,105,95,66,30,50,21,33,23,15,9,4,2,
mask0,617,1287,1616,712,551,365,482,266,208,316,185,161,222,115,95,107,70,39,36,18,10,6,7,4,3,2,3,0,0,0,mask1,667,705,691,350,327,253,118,120,175,41,38,68,26,16,16,16,12,12,5,5,6,2,2,3,5,5,6,0,0,0,mask2,226,249,237,164,227,359,327,334,293,242,169,155,135,111,64,67,60,59,21,21,18,3,12,3,2,6,1,2,0,0,mask3,1308,1527,1694,454,409,338,248,203,146,137,51,59,50,49,21,38,25,15,30,14,7,12,2,0,3,0,0,0,0,0,mask4,1401,1619,1711,510,408,378,223,140,137,132,98,73,50,45,35,43,30,30,15,21,25,6,27,8,15,12,3,5,0,0,mask5,4219,5387,5949,2190,1922,1693,1398,1063,959,868,541,516,483,336,231,271,197,155,107,79,66,29,50,18,28,25,13,7,0,0,
mask0,596,1257,1633,709,596,358,508,244,215,308,189,146,216,103,99,116,76,33,35,25,8,9,8,9,4,3,0,0,0,0,mask1,650,664,666,374,364,264,121,126,184,41,39,74,19,14,15,14,12,12,4,4,8,5,5,2,2,2,5,0,0,0,mask2,252,276,255,149,252,372,338,300,279,216,160,150,148,111,71,61,58,43,23,16,18,2,13,1,0,3,0,0,0,0,mask3,1344,1506,1723,422,430,309,243,194,147,145,64,63,48,55,18,39,16,14,30,14,6,7,1,0,2,0,0,0,0,0,mask4,1403,1642,1734,491,394,368,249,132,128,124,100,76,46,42,31,53,30,37,8,21,19,10,29,7,8,10,0,8,0,0,mask5,4245,5345,6011,2145,2036,1671,1459,996,953,834,552,509,477,325,234,283,192,139,100,80,59,33,56,19,16,18,5,8,0,0,
mask0,572,1266,1613,675,553,370,531,281,220,314,181,142,245,110,104,109,67,32,43,31,15,9,8,3,1,3,2,2,1,0,mask1,626,646,647,394,385,261,131,126,210,34,30,65,24,22,22,11,12,12,7,6,9,3,3,1,0,0,3,0,0,0,mask2,249,287,282,161,242,342,324,324,282,237,149,164,129,97,63,66,66,39,22,11,15,1,11,2,0,1,0,0,1,0,mask3,1365,1536,1719,401,406,308,249,176,149,132,77,60,47,48,25,44,22,14,33,15,5,8,0,0,1,0,0,0,0,0,mask4,1362,1627,1718,518,397,367,254,157,141,125,80,77,52,46,26,49,31,43,11,23,18,11,27,5,9,12,5,9,0,0,mask5,4174,5362,5979,2149,1983,1648,1489,1064,1002,842,517,508,497,323,240,279,198,140,116,86,62,32,49,11,11,16,10,11,2,0,
mask0,532,1226,1623,686,563,324,538,303,241,308,186,142,246,105,101,141,64,45,37,30,17,9,16,5,3,6,3,1,2,0,mask1,613,635,657,396,380,275,145,146,188,37,28,66,17,20,18,14,15,11,4,2,10,2,2,1,2,2,3,0,0,1,mask2,253,287,266,164,254,346,334,328,302,216,139,164,132,114,64,65,49,35,22,13,12,3,3,0,0,2,0,0,0,0,mask3,1377,1560,1730,414,386,297,237,191,156,129,67,50,51,36,23,36,30,23,26,10,1,5,0,0,5,0,0,0,0,0,mask4,1361,1614,1725,454,405,357,329,165,139,113,80,74,67,42,29,38,28,39,9,27,24,9,25,9,15,10,4,5,4,0,mask5,4136,5322,6001,2114,1988,1599,1583,1133,1026,803,500,496,513,317,235,294,186,153,98,82,64,28,46,15,25,20,10,6,6,1,
mask0,542,1234,1639,685,567,335,517,330,214,354,176,141,238,82,102,131,58,44,19,30,17,10,15,8,3,8,1,2,1,0,mask1,581,632,642,403,383,281,164,139,193,40,37,65,14,13,18,14,14,16,10,9,8,3,2,4,1,1,3,0,0,0,mask2,264,304,284,189,256,352,293,318,296,224,153,155,134,103,60,58,43,35,27,8,6,0,3,1,0,1,0,0,0,0,mask3,1366,1568,1734,427,391,292,230,170,149,137,60,57,46,59,37,38,20,11,27,12,0,9,0,0,0,0,0,0,0,0,mask4,1335,1594,1690,447,395,363,333,169,142,138,86,81,71,52,46,43,39,37,6,24,30,8,25,4,16,15,7,3,1,0,mask5,4088,5332,5989,2151,1992,1623,1537,1126,994,893,512,499,503,309,263,284,174,143,89,83,61,30,45,17,20,25,11,5,2,0,
mask0,548,1248,1654,693,589,302,541,293,211,365,200,181,206,75,89,115,42,38,21,30,17,9,15,6,1,7,3,2,2,0,mask1,527,603,618,436,393,283,166,146,197,51,39,73,18,19,29,19,18,9,8,9,13,5,3,4,0,0,4,0,0,0,mask2,294,346,274,155,248,375,308,293,271,204,150,173,143,99,57,60,43,34,23,8,4,2,1,1,0,1,0,0,0,0,mask3,1362,1606,1742,442,350,283,228,169,147,123,69,57,47,55,34,42,19,16,28,12,1,5,0,0,3,0,0,0,0,0,mask4,1297,1574,1662,474,407,362,336,164,152,131,90,83,85,60,62,41,37,35,10,26,32,9,27,7,12,15,5,5,0,0,mask5,4028,5377,5950,2200,1987,1605,1579,1065,978,874,548,567,499,308,271,277,159,132,90,85,67,30,46,18,16,23,12,7,2,0,
mask0,556,1233,1668,746,592,304,529,277,178,347,229,186,189,87,110,96,40,24,28,12,18,3,13,9,7,15,4,0,3,0,mask1,525,588,591,413,379,291,173,163,209,64,47,77,24,25,26,10,10,15,11,9,10,7,6,6,3,3,4,0,0,1,mask2,307,346,340,171,237,339,316,315,261,185,145,165,136,93,47,57,42,30,17,7,6,0,2,1,0,2,0,0,0,0,mask3,1406,1610,1830,421,351,205,206,148,131,120,72,70,49,62,27,38,25,16,31,11,1,6,1,0,3,0,0,0,0,0,mask4,1392,1559,1695,395,411,325,334,170,161,131,94,82,78,68,66,37,34,34,7,23,22,7,24,9,13,13,6,6,4,0,mask5,4186,5336,6124,2146,1970,1464,1558,1073,940,847,587,580,476,335,276,238,151,119,94,62,57,23,46,25,26,33,14,6,7,1,
mask0,570,1245,1674,700,578,285,570,278,189,395,257,179,147,67,118,96,36,27,15,13,14,4,10,13,4,14,2,0,3,0,mask1,455,519,527,430,426,327,200,170,225,74,61,81,34,21,30,25,21,23,8,8,11,3,3,2,1,1,3,0,0,1,mask2,324,397,375,209,236,311,289,282,272,159,152,157,135,82,38,57,35,33,15,3,3,1,2,0,0,0,0,0,0,0,mask3,1383,1592,1787,433,375,250,213,146,113,119,70,74,59,53,39,33,29,15,28,15,2,12,0,0,0,0,0,0,0,0,mask4,1380,1585,1697,423,382,290,302,161,162,140,95,90,81,73,82,35,34,36,9,29,25,12,27,16,16,13,2,2,1,0,mask5,4112,5338,6060,2195,1997,1463,1574,1037,961,887,635,581,456,296,307,246,155,134,75,68,55,32,42,31,21,28,7,2,4,1,
mask0,630,1314,1729,717,553,268,570,260,155,364,257,186,126,73,141,81,25,9,13,5,9,0,7,4,0,5,0,0,2,0,mask1,397,473,476,442,422,340,221,201,236,84,70,92,53,34,43,18,16,23,10,10,8,3,2,7,2,2,5,0,0,0,mask2,357,414,417,198,271,292,270,266,269,179,122,141,120,87,54,49,27,16,14,2,0,2,0,0,0,0,0,0,0,0,mask3,1386,1606,1780,411,359,258,228,142,122,116,85,72,58,51,29,43,26,16,32,11,3,5,0,0,1,0,0,0,0,0,mask4,1359,1578,1654,437,354,314,299,172,163,148,102,100,64,75,84,38,41,31,14,22,27,9,24,17,18,26,10,14,6,0,mask5,4129,5385,6056,2205,1959,1472,1588,1041,945,891,636,591,421,320,351,229,135,95,83,50,47,19,33,28,21,33,15,14,8,0,
mask0,707,1396,1780,773,528,261,522,239,150,324,253,146,115,54,154,47,23,8,12,6,2,1,2,0,0,0,0,0,0,0,mask1,369,420,446,430,450,342,222,206,241,112,84,108,62,42,56,16,11,17,13,11,11,2,3,3,4,3,5,0,0,1,mask2,375,453,437,184,249,286,291,258,262,157,134,141,119,76,49,51,19,14,12,0,0,0,0,0,0,0,0,0,0,0,mask3,1400,1629,1789,394,339,244,211,142,123,137,80,74,61,52,28,37,21,15,33,15,7,2,2,0,5,0,0,0,0,0,mask4,1321,1553,1602,437,337,306,288,192,186,156,104,100,89,72,89,33,42,44,19,32,28,12,24,24,15,24,21,30,20,0,mask5,4172,5451,6054,2218,1903,1439,1534,1037,962,886,655,569,446,296,376,184,116,98,89,64,48,17,31,27,24,27,26,30,20,1,
mask0,706,1413,1796,784,536,269,531,227,141,291,252,129,127,45,159,52,25,5,8,1,2,2,2,0,0,0,0,0,0,0,mask1,339,417,438,414,414,318,232,229,244,139,101,126,68,36,62,19,17,18,11,9,13,7,6,5,1,1,5,0,0,1,mask2,367,464,478,208,262,250,288,248,248,160,125,152,99,74,48,56,16,13,11,0,0,0,0,0,0,0,0,0,0,0,mask3,1426,1638,1804,361,329,233,223,140,121,140,88,66,49,41,38,38,28,15,29,14,2,10,2,1,4,0,0,0,0,0,mask4,1309,1541,1587,448,350,310,289,189,193,174,105,106,72,78,89,25,33,46,28,39,24,8,18,34,22,31,11,25,16,0,mask5,4147,5473,6103,2215,1891,1380,1563,1033,947,904,671,579,415,274,396,190,119,97,87,63,41,27,28,40,27,32,16,25,16,1,
mask0,764,1422,1833,787,528,261,484,236,140,299,242,121,109,51,141,52,18,4,6,2,1,0,2,0,0,0,0,0,0,0,mask1,346,390,427,397,409,317,235,236,233,152,119,145,60,39,65,22,19,20,13,14,14,3,3,6,2,1,2,0,0,1,mask2,397,481,497,209,258,239,271,246,258,149,118,149,98,70,31,49,16,15,16,0,0,0,0,0,0,0,0,0,0,0,mask3,1448,1687,1828,359,276,213,189,142,105,148,90,80,62,47,38,30,26,12,31,10,3,10,2,1,3,0,0,0,0,0,mask4,1334,1544,1623,443,356,280,270,193,200,188,97,97,59,69,90,31,47,49,17,26,20,10,28,35,22,23,5,26,17,1,mask5,4289,5524,6208,2195,1827,1310,1449,1053,936,936,666,592,388,276,365,184,126,100,83,52,38,23,35,42,27,24,7,26,17,2,
mask0,739,1414,1846,783,542,254,502,228,141,297,250,109,116,47,145,62,16,5,2,2,1,0,2,0,0,0,0,0,0,0,mask1,333,374,413,408,434,312,239,240,242,145,110,155,62,38,59,27,23,31,9,5,11,7,6,3,0,0,4,0,0,0,mask2,392,481,512,215,255,227,268,244,249,151,122,144,99,70,42,48,17,15,16,0,0,0,0,0,0,0,0,0,0,0,mask3,1418,1668,1817,381,298,217,197,136,113,141,84,74,65,53,41,33,28,14,33,11,3,10,2,1,2,0,0,0,0,0,mask4,1330,1544,1629,447,359,286,284,190,203,169,105,95,73,75,83,25,35,44,18,32,19,9,20,32,18,27,9,27,13,0,mask5,4212,5481,6217,2234,1888,1296,1490,1038,948,903,671,577,415,283,370,195,119,109,78,50,34,26,30,36,20,27,13,27,13,0,
mask0,693,1430,1818,794,513,298,504,254,148,314,240,97,129,47,137,63,15,3,4,2,0,0,0,0,0,0,0,0,0,0,mask1,308,367,409,395,422,301,252,242,242,168,126,165,61,35,63,27,24,27,14,11,16,4,2,5,1,1,1,0,0,1,mask2,369,487,511,235,269,229,281,237,256,156,117,144,92,71,37,43,8,12,13,0,0,0,0,0,0,0,0,0,0,0,mask3,1415,1683,1820,377,259,205,199,153,122,145,96,76,66,49,39,35,26,14,31,11,2,8,3,2,4,0,0,0,0,0,mask4,1336,1551,1619,406,342,275,289,196,200,178,106,115,104,88,100,29,39,32,18,26,29,9,26,22,16,18,8,15,8,0,mask5,4121,5518,6177,2207,1805,1308,1525,1082,968,961,685,597,452,290,376,197,112,88,80,50,47,21,31,29,21,19,9,15,8,1,
mask0,605,1383,1777,815,502,303,505,271,176,327,262,127,145,70,114,93,11,4,11,2,0,0,0,0,0,0,0,0,0,0,mask1,301,375,416,401,423,307,250,242,211,172,112,176,61,38,70,24,24,25,13,11,14,7,4,6,1,1,4,0,0,1,mask2,343,471,516,260,287,216,279,243,246,166,117,165,85,65,38,51,6,8,5,0,0,0,0,0,0,0,0,0,0,0,mask3,1448,1690,1803,362,273,209,195,136,138,130,90,79,59,53,34,51,24,13,23,12,4,8,2,0,4,0,0,0,0,0,mask4,1303,1510,1574,420,384,338,309,197,178,198,104,116,94,97,95,26,36,57,23,37,26,12,17,12,10,16,4,5,2,0,mask5,4000,5429,6086,2258,1869,1373,1538,1089,949,993,685,663,444,323,351,245,101,107,75,62,44,27,23,18,15,17,8,5,2,1,
mask0,515,1334,1710,821,487,324,511,265,197,292,287,161,149,102,96,151,21,12,57,5,1,5,0,0,0,0,0,0,0,0,mask1,323,379,439,390,415,273,223,236,214,170,114,167,82,51,94,22,18,18,11,10,13,6,6,6,3,1,6,0,0,0,mask2,333,465,483,233,254,223,247,201,213,175,150,197,82,95,55,82,24,14,36,0,4,1,0,0,0,0,0,0,0,0,mask3,1431,1688,1807,391,279,220,185,136,117,144,89,85,52,48,35,44,32,14,22,8,2,9,0,0,2,0,0,0,0,0,mask4,1246,1458,1544,431,416,356,327,213,188,222,126,128,115,80,99,27,49,53,15,23,24,8,21,5,5,14,3,4,0,0,mask5,3848,5324,5983,2266,1851,1396,1493,1051,929,1003,766,738,480,376,379,326,144,111,141,46,44,29,27,11,10,15,9,4,0,0,
mask0,518,1297,1734,841,530,302,480,254,202,284,275,150,187,105,95,115,28,11,62,6,4,8,3,3,4,3,0,2,0,0,mask1,365,404,487,376,394,270,217,220,193,163,123,154,66,50,74,20,18,27,11,12,13,11,8,5,1,1,6,0,0,1,mask2,371,463,490,177,161,196,135,198,188,208,218,239,167,128,71,108,21,5,23,0,0,0,0,0,0,0,0,0,0,0,mask3,1463,1648,1830,375,322,199,171,134,117,132,76,78,52,52,39,50,37,16,26,10,1,10,1,0,1,0,0,0,0,0,mask4,1244,1445,1552,431,434,363,334,210,184,214,108,119,115,92,96,33,47,48,19,32,33,7,21,4,3,10,1,0,1,0,mask5,3961,5257,6093,2200,1841,1330,1337,1016,884,1001,800,740,587,427,375,326,151,107,141,60,51,36,33,12,9,14,7,2,1,1,
mask0,499,1279,1720,825,537,329,506,278,197,290,245,134,176,112,99,120,33,14,64,10,3,14,2,4,2,5,1,5,0,0,mask1,390,418,496,378,397,272,207,213,189,148,121,153,70,50,74,14,9,21,15,14,10,6,6,12,2,2,2,0,0,1,mask2,355,477,513,203,213,219,166,170,174,159,155,164,139,130,81,108,43,34,57,1,4,2,0,0,0,0,0,0,0,0,mask3,1453,1639,1833,374,324,196,187,148,120,131,69,78,62,60,34,40,29,18,27,10,1,5,1,0,1,0,0,0,0,0,mask4,1247,1443,1560,437,461,365,329,193,182,213,108,111,114,86,96,35,46,52,11,27,25,10,26,8,4,10,1,0,0,0,mask5,3944,5256,6122,2217,1932,1381,1395,1002,862,941,698,640,561,438,384,317,160,139,174,62,43,37,35,24,9,17,4,5,0,1,
mask0,440,1214,1661,770,555,342,524,296,184,304,194,164,207,155,93,132,51,35,83,27,20,31,7,2,10,2,0,0,0,0,mask1,485,524,551,352,356,234,175,176,192,125,99,137,55,46,70,24,15,22,9,9,12,3,3,8,2,2,3,0,0,1,mask2,352,486,520,195,172,218,112,146,161,148,177,137,144,135,90,133,60,53,88,13,10,15,0,0,2,0,0,0,0,0,mask3,1531,1713,1881,354,317,210,184,111,90,97,63,64,51,51,24,34,20,11,22,5,0,7,0,0,0,0,0,0,0,0,mask4,1269,1476,1598,436,449,364,309,186,163,206,95,105,121,79,75,24,33,57,21,48,28,9,22,9,5,12,1,0,0,0,mask5,4077,5413,6211,2107,1849,1368,1304,915,790,880,628,607,578,466,352,347,179,178,223,102,70,65,32,19,19,16,4,0,0,1,
mask0,396,1206,1694,766,590,316,558,268,191,306,204,171,205,141,72,158,53,31,66,34,25,31,5,1,15,0,0,0,0,0,mask1,486,523,566,358,371,233,170,171,185,125,103,140,55,32,64,21,15,20,9,9,12,6,5,6,0,1,4,0,0,0,mask2,333,468,515,212,157,221,90,163,149,157,171,153,175,155,88,119,49,50,75,25,13,27,1,0,1,0,0,0,0,0,mask3,1540,1717,1892,373,338,217,165,92,80,108,74,57,38,38,29,26,16,5,22,5,0,6,0,0,2,0,0,0,0,0,mask4,1257,1504,1649,453,449,342,309,174,150,205,85,103,92,73,65,56,41,55,15,36,26,4,23,6,9,15,4,0,0,0,mask5,4012,5418,6316,2162,1905,1329,1292,868,755,901,637,624,565,439,318,380,174,161,187,109,76,74,34,13,27,16,8,0,0,0,
mask0,433,1294,1781,805,595,299,554,263,166,303,162,158,179,112,50,132,39,23,55,24,22,29,10,2,11,2,0,0,0,0,mask1,467,515,536,354,363,236,173,163,190,131,118,142,67,38,82,20,17,18,14,12,15,3,3,7,1,1,3,0,0,1,mask2,334,452,489,184,148,220,95,165,157,151,177,145,181,169,104,135,41,44,72,33,30,32,4,0,5,0,0,0,0,0,mask3,1472,1680,1866,415,318,196,143,112,109,113,86,69,59,54,24,39,21,13,25,8,3,11,1,0,3,0,0,0,0,0,mask4,1324,1547,1670,455,451,348,318,167,157,155,75,90,95,59,69,21,42,34,16,30,24,8,20,7,8,9,1,0,0,0,mask5,4030,5488,6342,2213,1875,1299,1283,870,779,853,618,604,581,432,329,347,160,132,182,107,94,83,38,16,28,12,4,0,0,1,
mask0,627,1422,1965,781,635,237,580,219,105,269,168,109,118,26,50,71,11,21,30,16,14,17,4,0,8,0,0,0,0,0,mask1,361,399,432,413,417,288,208,209,250,132,119,142,73,46,70,21,20,21,13,13,14,5,4,6,4,3,6,0,0,1,mask2,359,453,503,159,159,239,132,169,140,172,159,157,140,145,59,108,63,51,80,34,36,33,7,4,6,0,0,0,0,0,mask3,1318,1638,1838,399,269,165,199,137,105,164,110,110,109,86,37,56,27,17,24,11,7,5,2,1,6,0,0,0,0,0,mask4,1482,1646,1774,419,404,308,250,146,138,147,80,75,57,59,59,17,35,27,9,15,12,9,9,5,10,6,2,0,0,0,mask5,4147,5558,6512,2171,1884,1237,1369,880,738,884,636,593,497,362,275,273,156,137,156,89,83,69,26,16,34,9,8,0,0,1,
mask0,763,1536,1986,735,557,202,526,194,91,295,166,102,78,23,94,63,14,17,25,8,9,10,3,0,6,0,0,0,0,0,mask1,329,391,410,440,433,306,213,212,265,140,114,134,62,39,70,20,17,16,19,19,16,4,2,8,3,3,4,0,0,1,mask2,345,440,489,172,173,254,130,185,154,176,145,137,146,139,58,105,59,52,69,39,43,34,9,2,12,0,0,0,0,0,mask3,1274,1612,1858,458,340,170,218,124,98,149,106,87,106,58,41,49,27,22,22,12,3,1,1,1,3,0,0,0,0,0,mask4,1499,1686,1778,403,338,277,245,157,159,139,94,79,64,58,63,15,31,24,12,20,10,4,12,8,18,4,2,1,0,0,mask5,4210,5665,6521,2208,1841,1209,1332,872,767,899,625,539,456,317,326,252,148,131,147,98,81,53,27,19,42,7,6,1,0,1,
mask0,837,1537,1953,689,533,224,523,206,83,297,178,99,79,22,112,39,11,20,19,9,10,10,5,0,8,0,0,0,0,0,mask1,291,385,396,457,413,298,215,223,267,151,117,141,68,48,78,26,24,18,16,13,17,4,6,9,2,1,5,0,0,1,mask2,359,456,495,172,178,258,127,161,138,176,150,133,136,146,78,102,53,40,72,39,46,37,6,1,8,0,0,0,0,0,mask3,1260,1650,1863,468,316,166,237,124,101,141,89,85,96,69,41,57,28,21,18,2,2,2,2,1,1,0,0,0,0,0,mask4,1506,1682,1748,379,329,276,258,173,160,127,79,91,55,56,71,21,34,24,18,20,14,11,10,13,18,14,3,7,3,0,mask5,4253,5710,6455,2165,1769,1222,1360,887,749,892,613,549,434,341,380,245,150,123,143,83,89,64,29,24,37,15,8,7,3,1,
mask0,875,1549,1963,698,528,221,530,188,80,270,196,68,56,13,143,39,10,18,14,16,8,12,1,0,7,0,0,0,0,0,mask1,230,326,350,470,437,309,232,236,261,180,138,180,71,49,73,25,23,28,16,17,14,5,3,11,1,1,3,0,0,1,mask2,374,498,554,208,181,236,127,144,119,138,135,125,141,143,81,98,53,41,70,34,33,27,1,0,6,0,0,0,0,0,mask3,1225,1631,1850,489,332,185,242,135,80,155,79,92,75,69,48,68,26,18,24,7,7,1,1,0,1,0,0,0,0,0,mask4,1508,1698,1759,389,307,255,243,174,174,148,94,84,38,55,73,16,30,18,19,11,11,10,4,25,11,15,1,18,12,0,mask5,4212,5702,6476,2254,1785,1206,1374,877,714,891,642,549,381,329,418,246,142,123,143,85,73,55,10,36,26,16,4,18,12,1,
mask0,903,1543,1952,703,545,238,501,172,86,273,205,71,56,20,149,40,13,2,20,3,3,2,0,0,3,0,0,0,0,0,mask1,182,285,318,474,432,311,259,257,256,199,168,182,68,43,108,26,22,28,19,20,11,2,2,13,1,1,3,0,0,0,mask2,367,540,600,279,199,218,110,115,107,127,123,125,129,140,76,88,52,46,69,20,17,16,0,0,4,0,0,0,0,0,mask3,1223,1604,1828,484,351,195,238,143,89,156,83,88,81,55,48,62,34,24,34,9,8,1,1,0,1,0,0,0,0,0,mask4,1476,1698,1765,420,311,266,241,179,148,156,98,101,42,51,61,13,12,15,9,9,14,2,9,27,14,12,3,27,21,0,mask5,4151,5670,6463,2360,1838,1228,1349,866,686,911,677,567,376,309,442,229,133,115,151,61,53,23,12,40,23,13,6,27,21,0,
mask0,895,1545,1969,732,563,235,486,153,80,275,175,71,67,61,146,35,4,0,11,0,0,0,0,0,0,0,0,0,0,0,mask1,137,260,270,474,428,325,272,256,250,231,194,192,63,43,128,32,28,33,15,16,17,6,5,10,0,0,5,0,0,0,mask2,362,547,656,307,258,221,158,122,102,111,101,103,89,109,71,94,48,35,60,4,1,8,0,0,0,0,0,0,0,0,mask3,1199,1538,1781,449,360,198,253,153,105,190,126,118,95,56,39,51,34,27,30,13,12,12,0,0,1,0,0,0,0,0,mask4,1407,1636,1738,441,362,262,274,184,157,164,102,103,37,40,66,11,15,14,8,6,15,9,12,36,14,18,9,35,25,0,mask5,4000,5526,6414,2403,1971,1241,1443,868,694,971,698,587,351,309,450,223,129,109,124,39,45,35,17,46,15,18,14,35,25,0,
mask0,981,1514,1942,714,602,265,435,144,72,275,146,66,60,93,155,28,2,1,8,0,0,0,0,0,0,0,0,0,0,0,mask1,137,242,257,462,414,327,266,248,240,249,219,181,63,59,168,29,23,23,19,20,20,5,5,9,0,0,5,0,0,0,mask2,359,542,692,300,301,215,191,123,105,115,97,97,65,92,56,98,30,24,55,4,0,6,0,0,0,0,0,0,0,0,mask3,1202,1492,1758,411,377,190,270,168,120,204,127,129,88,54,29,56,44,42,35,16,12,12,2,0,2,0,0,0,0,0,mask4,1406,1602,1736,431,398,265,279,177,151,174,111,116,37,41,62,12,12,12,8,7,11,6,7,25,11,21,22,36,24,0,mask5,4085,5392,6385,2318,2092,1262,1441,860,688,1017,700,589,313,339,470,223,111,102,125,47,43,29,14,34,13,21,27,36,24,0,
mask0,986,1520,1916,743,609,275,421,127,86,258,131,60,61,110,163,25,4,1,7,0,0,0,0,0,0,0,0,0,0,0,mask1,118,214,222,447,422,342,274,260,232,262,216,176,72,69,193,25,23,32,26,18,18,6,8,10,0,0,5,0,0,0,mask2,362,530,709,288,338,221,217,129,117,117,82,84,57,86,33,94,17,21,50,7,4,4,0,0,0,0,0,0,0,0,mask3,1185,1451,1718,396,394,205,263,152,105,224,140,141,101,74,48,50,43,42,47,24,20,13,2,1,1,0,0,0,0,0,mask4,1362,1581,1736,455,424,256,291,184,174,181,116,105,43,30,62,7,6,9,9,10,11,5,7,11,10,18,36,37,24,0,mask5,4013,5296,6301,2329,2187,1299,1466,852,714,1042,685,566,334,369,499,201,93,105,139,59,53,28,17,22,11,18,41,37,24,0,
mask0,3,970,790,601,543,556,688,342,724,395,465,338,486,156,85,294,22,8,31,3,0,3,0,0,0,0,0,0,0,0,mask1,87,274,416,201,462,420,363,200,265,244,187,76,122,103,28,170,4,22,39,0,3,4,0,0,0,0,0,0,0,0,mask2,10,254,620,85,303,309,318,290,185,246,254,56,252,79,19,222,9,0,51,0,0,5,0,0,0,0,0,0,0,0,mask3,769,1253,1518,402,495,374,462,250,215,303,137,171,288,144,1,56,1,1,0,0,0,0,0,0,0,0,0,0,0,0,mask4,499,545,975,14,102,760,60,349,463,146,957,136,1034,345,26,487,39,40,97,17,0,12,42,0,35,4,0,16,0,0,mask5,1368,3296,4319,1303,1905,2419,1891,1431,1852,1334,2000,777,2182,827,159,1229,75,71,218,20,3,24,42,0,35,4,0,16,0,0,
mask0,105,1031,852,103,328,344,431,221,198,516,256,215,236,147,232,151,194,209,258,217,187,219,75,167,309,32,75,173,0,22,mask1,32,665,950,350,168,128,186,105,60,140,84,16,80,59,15,98,104,21,86,32,15,97,12,13,94,1,11,67,0,1,mask2,5,458,752,130,156,149,136,84,72,210,65,52,111,91,60,99,141,64,57,101,14,85,76,8,178,17,11,178,0,7,mask3,894,1627,1736,426,247,226,217,86,76,217,26,45,171,47,48,59,54,146,50,46,3,46,89,0,103,58,0,97,0,0,mask4,485,533,1030,15,45,463,4,122,414,10,130,253,27,169,141,69,334,89,173,641,10,230,399,0,1039,27,0,348,0,0,mask5,1521,4314,5320,1024,944,1310,974,618,820,1093,561,581,625,513,496,476,827,529,624,1037,229,677,651,188,1723,135,97,863,0,30,
mask0,95,1042,847,114,312,342,410,220,206,534,258,217,224,149,218,162,188,206,228,207,187,245,95,161,293,30,87,196,0,30,mask1,45,656,950,335,171,131,178,116,59,140,82,15,91,60,17,100,96,20,76,38,11,105,11,8,100,0,13,60,0,6,mask2,2,456,754,146,166,160,115,86,58,213,51,52,114,100,58,95,130,66,53,106,14,96,56,12,177,38,8,178,0,7,mask3,903,1603,1713,395,260,248,231,96,83,220,30,38,164,54,47,69,43,150,48,43,1,54,90,0,122,61,0,74,0,0,mask4,485,534,1023,15,47,470,5,123,416,10,116,259,24,171,133,63,336,85,170,643,14,229,401,0,1047,29,0,352,0,0,mask5,1530,4291,5287,1005,956,1351,939,641,822,1117,537,581,617,534,473,489,793,527,575,1037,227,729,653,181,1739,158,108,860,0,43,
mask0,112,1054,870,109,307,342,371,209,199,550,252,201,219,152,232,177,196,174,191,184,171,269,106,160,283,41,104,220,0,48,mask1,53,655,951,329,170,139,172,117,50,140,78,19,89,62,14,104,99,19,77,37,8,96,12,16,101,0,11,69,0,3,mask2,15,466,756,132,167,162,127,77,60,196,55,49,114,89,45,102,127,66,53,109,25,95,61,13,172,38,11,183,0,2,mask3,904,1594,1725,378,268,239,255,94,82,193,43,39,161,43,42,91,43,149,51,43,4,50,89,0,114,63,0,83,0,0,mask4,494,536,1045,6,50,479,7,127,388,10,108,256,28,166,134,56,345,71,156,642,27,210,386,0,956,40,0,477,0,0,mask5,1578,4305,5347,954,962,1361,932,624,779,1089,536,564,611,512,467,530,810,479,528,1015,235,720,654,189,1626,182,126,1032,0,53,
mask0,105,1060,907,129,318,359,372,200,162,544,239,189,192,149,215,169,190,187,164,193,148,280,105,132,310,47,135,236,0,67,mask1,86,653,963,292,182,143,182,104,36,131,86,19,77,56,8,112,90,23,90,47,10,97,12,11,100,0,6,63,0,11,mask2,31,468,789,121,161,136,121,80,60,193,55,47,110,87,44,99,124,62,61,107,22,84,60,15,168,47,9,201,0,5,mask3,925,1586,1775,354,287,193,241,85,84,202,43,36,138,42,45,114,42,145,46,46,2,64,80,0,75,69,0,121,0,0,mask4,484,534,1100,16,50,461,8,125,349,7,111,266,35,168,127,47,355,61,152,610,30,197,387,6,874,60,0,580,0,0,mask5,1631,4301,5534,912,998,1292,924,594,691,1077,534,557,552,502,439,541,801,478,513,1003,212,722,644,164,1527,223,150,1201,0,83,
mask0,107,1072,928,128,302,334,376,208,171,545,233,189,185,157,192,176,190,197,160,174,160,274,117,144,315,48,115,235,0,71,mask1,91,649,964,291,181,147,176,109,34,132,82,17,79,59,9,116,92,25,82,47,7,99,11,8,97,0,14,67,0,5,mask2,40,463,785,112,166,139,116,79,61,195,55,48,108,90,47,106,120,61,59,106,20,77,63,12,169,47,12,207,0,4,mask3,917,1583,1783,363,278,188,237,102,82,202,42,37,135,37,45,115,42,143,52,46,2,63,75,0,76,75,0,120,0,0,mask4,484,534,1105,16,53,458,8,123,335,7,113,282,37,165,122,46,349,61,143,610,31,204,391,6,871,62,0,584,0,0,mask5,1639,4301,5565,910,980,1266,913,621,683,1081,525,573,544,508,415,559,793,487,496,983,220,717,657,170,1528,232,141,1213,0,80,
mask0,101,1066,930,134,303,350,355,204,158,552,237,178,188,148,195,185,192,206,154,191,159,274,107,131,313,53,125,245,0,69,mask1,86,650,966,300,184,146,171,101,36,130,87,14,82,57,9,112,92,29,87,47,5,97,12,6,99,0,15,66,0,4,mask2,49,468,781,102,162,143,113,76,60,202,58,50,100,87,46,101,121,62,70,107,24,78,61,11,167,49,8,207,0,4,mask3,916,1575,1764,367,287,200,225,92,76,198,39,43,137,40,49,123,45,145,48,50,3,59,79,0,89,73,0,118,0,0,mask4,484,535,1094,16,52,462,8,120,332,7,112,287,38,166,123,43,351,65,142,607,31,197,396,6,837,61,0,628,0,0,mask5,1636,4294,5535,919,988,1301,872,593,662,1089,533,572,545,498,422,564,801,507,501,1002,222,705,655,154,1505,236,148,1264,0,77,
mask0,110,1060,939,129,296,341,358,210,172,543,251,171,185,138,206,183,194,198,164,183,155,276,114,147,295,55,107,258,0,65,mask1,84,642,971,301,191,141,171,102,36,122,84,18,80,58,14,119,94,25,92,47,3,92,12,10,101,0,9,68,0,3,mask2,52,467,785,112,158,140,95,79,60,206,63,54,100,82,39,104,124,69,66,104,23,72,61,7,178,51,8,204,0,4,mask3,908,1578,1763,371,280,203,232,97,71,186,37,45,146,41,48,122,45,147,48,48,3,58,80,0,88,74,0,121,0,0,mask4,486,537,1112,14,50,432,8,128,340,7,105,285,37,166,127,44,343,67,150,612,31,183,401,6,843,58,0,628,0,0,mask5,1640,4284,5570,927,975,1257,864,616,679,1064,540,573,548,485,434,572,800,506,520,994,215,681,668,170,1505,238,124,1279,0,72,
mask0,110,1040,962,123,316,336,368,202,170,539,243,167,188,145,223,167,194,191,164,192,137,273,112,128,308,57,128,261,0,59,mask1,88,642,968,293,185,148,169,104,38,129,87,17,79,60,10,115,89,20,93,49,16,95,14,6,104,0,3,65,0,4,mask2,44,466,785,113,156,139,108,86,60,193,53,51,106,89,48,104,117,69,66,111,21,81,65,6,163,46,8,211,0,2,mask3,915,1574,1767,355,279,202,238,103,67,190,38,50,146,40,43,118,46,147,50,47,4,61,86,0,74,67,0,133,0,0,mask4,486,535,1103,14,49,432,9,126,331,6,109,289,35,168,133,43,345,72,142,595,32,197,407,8,780,66,0,688,0,0,mask5,1643,4257,5585,898,985,1257,892,621,666,1057,530,574,554,502,457,547,791,499,515,994,210,707,684,148,1429,236,139,1358,0,65,
mask0,116,1021,963,119,333,340,346,200,172,551,250,161,190,147,224,164,190,189,165,190,137,281,114,120,316,56,154,253,0,41,mask1,90,644,966,301,173,157,162,109,31,127,87,19,76,63,11,109,90,24,97,48,9,97,16,4,104,0,7,67,0,2,mask2,51,465,787,108,160,138,112,80,63,186,56,48,99,90,47,105,119,64,70,106,29,79,59,6,166,54,6,213,0,1,mask3,918,1577,1777,362,275,190,231,105,69,183,34,48,149,41,46,116,43,145,50,46,5,59,85,0,82,74,0,130,0,0,mask4,486,537,1105,14,47,432,9,126,327,6,112,293,35,172,131,44,338,72,136,586,30,204,413,10,788,69,0,678,0,0,mask5,1661,4244,5598,904,988,1257,860,620,662,1053,539,569,549,513,459,538,780,494,518,976,210,720,687,140,1456,253,167,1341,0,44,
mask0,122,1039,1013,129,302,315,375,215,154,500,244,171,190,153,214,166,182,184,167,189,141,262,116,142,333,61,115,257,0,52,mask1,78,642,982,311,178,140,158,109,36,134,82,18,63,58,12,115,92,19,96,55,7,96,13,13,108,1,3,71,0,0,mask2,50,458,787,110,162,142,125,81,65,160,59,49,107,90,41,105,122,62,61,102,29,85,55,7,170,60,6,216,0,1,mask3,943,1580,1784,320,267,185,247,110,68,177,39,52,144,35,43,113,47,127,56,49,21,64,73,0,82,80,0,134,0,0,mask4,484,535,1101,16,58,411,9,120,362,6,106,291,29,154,134,50,347,61,129,593,31,182,411,9,702,76,0,793,0,0,mask5,1677,4254,5667,886,967,1193,914,635,685,977,530,581,533,490,444,549,790,453,509,988,229,689,668,171,1395,278,124,1471,0,53,
mask0,114,1022,999,126,321,340,363,205,151,511,257,177,194,148,203,176,184,175,168,198,148,267,107,153,317,59,111,265,0,44,mask1,85,642,968,300,178,148,161,107,45,126,82,18,72,60,8,116,88,24,95,60,7,99,13,11,103,0,1,73,0,0,mask2,45,460,786,111,163,141,119,74,69,170,64,50,107,86,40,104,126,66,70,102,22,81,58,10,170,56,4,212,0,1,mask3,936,1583,1778,323,269,193,249,105,65,180,38,52,145,34,45,118,47,122,51,51,25,60,74,0,86,79,0,132,0,0,mask4,484,533,1098,16,61,417,7,118,364,8,108,290,28,149,130,53,352,62,128,602,29,182,402,10,681,75,0,813,0,0,mask5,1664,4240,5629,876,992,1239,899,609,694,995,549,587,546,477,426,567,797,449,512,1013,231,689,654,184,1357,269,116,1495,0,45,
mask0,120,1020,1019,123,314,323,352,214,151,536,255,164,168,151,208,184,177,179,175,197,146,255,108,158,322,65,110,266,0,43,mask1,86,637,973,303,178,147,158,112,40,125,86,18,71,58,8,114,87,25,99,58,8,95,13,5,101,1,6,78,0,0,mask2,51,459,789,109,165,139,123,80,71,164,53,53,102,93,37,103,124,62,61,100,25,92,56,9,170,59,4,214,0,0,mask3,946,1579,1782,317,269,186,252,111,71,172,36,50,141,36,45,116,44,117,57,52,29,61,75,0,81,78,0,137,0,0,mask4,484,534,1107,16,60,405,8,118,357,7,108,303,28,153,123,53,345,69,127,606,26,177,398,10,685,78,0,815,0,0,mask5,1687,4229,5670,868,986,1200,893,635,690,1004,538,588,510,491,421,570,777,452,519,1013,234,680,650,182,1359,281,120,1510,0,43,
mask0,122,1025,1023,119,308,324,348,212,149,544,248,173,164,155,216,181,188,172,167,192,141,253,108,157,341,65,105,262,0,41,mask1,87,633,973,300,182,150,159,113,39,122,85,17,73,58,8,113,87,21,97,58,14,99,13,1,101,1,2,79,0,5,mask2,52,454,784,108,171,145,121,78,69,169,54,53,99,93,39,102,124,67,65,100,21,88,57,6,171,58,5,214,0,0,mask3,945,1578,1783,320,271,185,248,109,71,174,37,51,139,36,42,116,45,119,59,51,29,61,75,0,81,78,0,137,0,0,mask4,484,534,1103,16,60,406,8,118,360,7,108,302,28,152,124,53,347,69,124,599,26,178,403,10,701,79,0,801,0,0,mask5,1690,4224,5666,863,992,1210,884,630,688,1016,532,596,503,494,429,565,791,448,512,1000,231,679,656,174,1395,281,112,1493,0,46,
mask0,122,1018,1018,118,304,325,349,220,171,535,252,171,189,153,208,153,180,149,175,197,167,264,114,144,334,63,109,262,0,39,mask1,93,628,978,294,179,146,160,113,40,119,88,17,70,59,10,114,90,22,97,59,6,99,13,3,106,1,1,78,0,7,mask2,52,451,790,109,168,140,113,83,74,170,55,50,103,91,36,104,125,66,64,100,24,89,58,5,170,58,2,215,0,2,mask3,945,1579,1782,318,270,186,251,109,70,173,37,52,139,36,42,116,45,119,59,51,29,61,75,0,77,78,0,141,0,0,mask4,484,534,1109,16,60,405,8,117,354,7,109,304,28,152,121,53,343,71,124,601,26,172,402,10,727,82,0,781,0,0,mask5,1696,4210,5677,855,981,1202,881,642,709,1004,541,594,529,491,417,540,783,427,519,1008,252,685,662,162,1414,282,112,1477,0,48,
mask0,119,1024,1040,121,293,313,346,216,174,535,256,182,183,148,199,145,198,169,184,194,143,255,112,127,344,60,105,269,0,49,mask1,73,621,977,305,186,142,170,108,42,108,87,20,83,61,12,114,100,18,95,55,4,87,12,3,112,0,7,83,0,5,mask2,34,449,792,120,173,146,120,80,67,168,51,53,102,88,37,104,132,58,71,102,21,91,62,8,165,52,6,214,0,1,mask3,929,1591,1779,326,267,191,257,96,70,172,40,51,149,36,39,120,46,139,51,52,11,64,78,0,70,74,0,142,0,0,mask4,483,532,1085,18,59,456,8,121,342,6,109,288,31,152,124,48,351,70,133,584,32,174,404,3,740,88,0,759,0,0,mask5,1638,4217,5673,890,978,1248,901,621,695,989,543,594,548,485,411,531,827,454,534,987,211,671,668,141,1431,274,118,1467,0,55,
mask0,123,1019,1058,121,298,301,346,209,147,527,265,183,182,146,211,149,198,159,177,189,168,262,114,114,340,63,114,274,0,46,mask1,74,623,980,305,178,144,169,115,39,108,90,19,77,57,9,111,94,19,103,58,7,83,13,1,118,2,5,82,0,7,mask2,40,446,800,118,172,137,113,78,66,163,57,53,109,92,37,98,124,60,72,100,21,96,70,8,161,50,6,219,0,1,mask3,934,1568,1772,303,262,181,249,107,68,172,35,63,146,44,45,130,45,130,47,67,21,58,72,0,95,80,0,146,0,0,mask4,483,532,1111,19,62,425,7,118,331,6,109,301,34,154,122,46,338,76,130,589,27,173,406,7,724,92,0,778,0,0,mask5,1654,4188,5721,866,972,1188,884,627,651,976,556,619,548,493,424,534,799,444,529,1003,244,672,675,130,1438,287,125,1499,0,54,
mask0,127,1013,1057,111,307,302,343,201,152,526,270,176,181,152,191,160,190,172,177,194,182,257,109,113,345,65,118,274,0,38,mask1,73,622,982,303,176,142,167,113,39,114,89,20,77,59,9,104,99,17,106,58,12,89,12,1,112,2,0,85,0,8,mask2,42,450,800,115,164,136,115,82,69,166,56,48,100,90,39,103,127,62,71,100,23,97,69,8,161,51,3,219,0,1,mask3,934,1572,1768,306,259,185,246,106,70,173,36,61,145,41,43,130,46,132,46,67,21,60,73,0,93,80,0,147,0,0,mask4,483,532,1109,19,62,431,7,119,336,6,106,288,34,153,126,46,345,77,125,589,26,180,402,7,731,92,0,769,0,0,mask5,1659,4189,5716,854,968,1196,878,621,666,985,557,593,537,495,408,543,807,460,525,1008,264,683,665,129,1442,290,121,1494,0,47,
mask0,125,1002,1058,113,310,311,348,209,139,518,259,170,182,153,215,151,199,155,189,191,172,250,112,141,350,66,98,275,0,42,mask1,72,622,986,303,176,136,167,109,48,113,90,16,78,60,8,104,99,19,101,59,5,89,13,4,118,2,2,85,0,6,mask2,42,454,798,115,161,138,111,76,67,171,63,52,100,86,41,101,126,57,74,102,26,90,68,8,159,53,2,226,0,0,mask3,935,1574,1773,301,258,178,247,105,70,175,37,60,145,38,47,130,45,131,48,69,21,54,73,0,102,81,0,143,0,0,mask4,483,530,1101,19,63,448,6,120,333,8,106,282,32,152,126,46,349,74,126,585,29,176,404,7,727,91,0,777,0,0,mask5,1657,4182,5716,851,968,1211,879