3/20/2015 18:14,0,-96.85925478,0,-96.85925478,0,-96.85925478,8.953723275
3/20/2015 18:14,0,-96.85925478,0,-96.85925478,0,-96.85925478,8.953723275
3/20/2015 18:14,0,-96.85925478,0,-96.85925478,0,-96.85925478,8.953723275
3/20/2015 18:14,0,-96.85925478,0,-96.85925478,0,-96.85925478,8.953723275
3/20/2015 18:14,0,-96.85925478,0,-96.85925478,0,-96.85925478,8.953723275
3/20/2015 18:14,0,-96.85925478,0,-96.85925478,0,-96.85925478,8.953723275
3/20/2015 18:14,0,-96.85925478,0,-96.85925478,0,-96.85925478,8.953723275
3/20/2015 18:14,0,-96.85925478,0,-96.85925478,0,-96.85925478,8.953723275
3/20/2015 18:14,0,-96.85925478,0,-96.85925478,0,-96.85925478,8.953723275
3/20/2015 18:14,0,-96.85925478,0,-96.85925478,0,-96.85925478,8.953723275
3/20/2015 18:14,0,-96.85925478,0,-96.85925478,0,-96.85925478,8.953723275
3/20/2015 18:14,0,-96.85925478,0,-96.85925478,0,-96.85925478,8.953723275
3/20/2015 18:14,0,-96.85925478,0,-96.85925478,0,-96.85925478,8.953723275
3/20/2015 18:14,0,-96.85925478,0,-96.85925478,0,-96.85925478,8.953723275
3/20/2015 18:14,0,-96.85925478,0,-96.85925478,0,-96.85925478,8.953723275
3/20/2015 18:14,0,-96.85925478,0,-96.85925478,0,-96.85925478,8.953723275
3/20/2015 18:14,0,-96.85925478,0,-96.85925478,0,-96.85925478,8.953723275
3/20/2015 18:14,0,-96.85925478,0,-96.85925478,0,-96.85925478,8.953723275
3/20/2015 18:14,0,-96.85925478,0,-96.85925478,0,-96.85925478,8.953723275
3/20/2015 18:14,0,-96.85925478,0,-96.85925478,0,-96.85925478,8.953723275
3/20/2015 18:14,0,-96.85925478,0,-96.85925478,0,-96.85925478,8.953723275
3/20/2015 18:14,0,-96.85925478,0,-96.85925478,0,-96.85925478,8.953723275
3/20/2015 18:14,0,-96.85925478,0,-96.85925478,0,-96.85925478,8.953723275
3/20/2015 18:14,0,-96.85925478,0,-96.85925478,0,-96.85925478,8.953723275
3/20/2015 18:14,0,-96.85925478,0,-96.85925478,0,-96.85925478,8.953723275
3/20/2015 18:14,0,-96.85925478,0,-96.85925478,0,-96.85925478,8.953723275
3/20/2015 18:14,0,-96.85925478,0,-96.85925478,0,-96.85925478,8.953723275
3/20/2015 18:14,0,-96.85925478,0,-96.85925478,0,-96.85925478,8.953723275
3/20/2015 18:14,0,-96.85925478,0,-96.85925478,0,-96.85925478,8.953723275
3/20/2015 18:14,0,-96.85925478,0,-96.85925478,0,-96.85925478,8.953723275
3/20/2015 18:14,0,-96.85925478,0,-96.85925478,0,-96.85925478,8.953723275
3/20/2015 18:14,0,-96.85925478,0,-96.85925478,0,-96.85925478,8.953723275
3/20/2015 18:14,0,-96.85925478,0,-96.85925478,0,-96.85925478,8.953723275
3/20/2015 18:14,0,-96.85925478,0,-96.85925478,0,-96.85925478,8.953723275
3/20/2015 18:14,0,-96.85925478,0,-96.85925478,0,-96.85925478,8.953723275
3/20/2015 18:14,0,-96.85925478,0,-96.85925478,0,-96.85925478,8.953723275
3/20/2015 18:14,0,-96.85925478,0,-96.85925478,0,-96.85925478,8.953723275
3/20/2015 18:14,0,-96.85925478,0,-96.85925478,0,-96.85925478,8.953723275
3/20/2015 18:14,0,-96.85925478,0,-96.85925478,0,-96.85925478,8.953723275
3/20/2015 18:14,0,-96.85925478,0,-96.85925478,0,-96.85925478,8.953723275
3/20/2015 18:14,0,-96.85925478,0,-96.85925478,0,-96.85925478,8.953723275
3/20/2015 18:14,0,-96.85925478,0,-96.85925478,0,-96.85925478,8.953723275
3/20/2015 18:14,0,-96.85925478,0,-96.85925478,0,-96.85925478,8.953723275
3/20/2015 18:14,0,-96.85925478,0,-96.85925478,0,-96.85925478,8.953723275
3/20/2015 18:14,0,-96.85925478,0,-96.85925478,0,-96.85925478,8.953723275
3/20/2015 18:14,0,-96.85925478,0,-96.85925478,0,-96.85925478,8.953723275
3/20/2015 18:14,0,-96.85925478,0,-96.85925478,0,-96.85925478,8.953723275
3/20/2015 18:14,0,-96.85925478,0,-96.85925478,0,-96.85925478,8.953723275
3/20/2015 18:14,0,-96.85925478,0,-96.85925478,0,-96.85925478,8.953723275
3/20/2015 18:14,0,-96.85925478,0,-96.85925478,0,-96.85925478,8.953723275
3/20/2015 18:14,0,-96.85925478,0,-96.85925478,0,-96.85925478,8.953723275
3/20/2015 18:14,0,-96.85925478,0,-96.85925478,0,-96.85925478,8.953723275
3/20/2015 18:14,0,-96.85925478,0,-96.85925478,0,-96.85925478,8.953723275
3/20/2015 18:14,0,-96.85925478,0,-96.85925478,0,-96.85925478,8.953723275
3/20/2015 18:14,0,-96.85925478,0,-96.85925478,0,-96.85925478,8.953723275
3/20/2015 18:14,0,-96.85925478,0,-96.85925478,0,-96.85925478,8.953723275
3/20/2015 18:14,0,-96.85925478,0,-96.85925478,0,-96.85925478,8.953723275
3/20/2015 18:14,0,-96.85925478,0,-96.85925478,0,-96.85925478,8.953723275
3/20/2015 18:14,0,-96.85925478,0,-96.85925478,0,-96.85925478,8.953723275
3/20/2015 18:14,0,-96.85925478,0,-96.85925478,0,-96.85925478,8.953723275
3/20/2015 18:14,0,-96.85925478,0,-96.85925478,0,-96.85925478,8.953723275
3/20/2015 18:14,0,-96.85925478,0,-96.85925478,0,-96.85925478,8.953723275
3/20/2015 18:14,0,-96.85925478,0,-96.85925478,0,-96.85925478,8.953723275
3/20/2015 18:14,0,-96.85925478,0,-96.85925478,0,-96.85925478,8.953723275
3/20/2015 18:14,0,-96.85925478,0,-96.85925478,0,-96.85925478,8.953723275
3/20/2015 18:14,0,-96.85925478,0,-96.85925478,0,-96.85925478,8.953723275
3/20/2015 18:14,0,-96.85925478,0,-96.85925478,0,-96.85925478,8.953723275
3/20/2015 18:14,0,-96.85925478,0,-96.85925478,0,-96.85925478,8.953723275
3/20/2015 18:14,0,-96.85925478,0,-96.85925478,0,-96.85925478,8.953723275
3/20/2015 18:14,0,-96.85925478,0,-96.85925478,0,-96.85925478,8.953723275
3/20/2015 18:14,0,-96.85925478,0,-96.85925478,0,-96.85925478,8.953723275
3/20/2015 18:14,0,-96.85925478,0,-96.85925478,0,-96.85925478,8.953723275
3/20/2015 18:14,0,-96.85925478,0,-96.85925478,0,-96.85925478,8.953723275
3/20/2015 18:14,0,-96.85925478,0,-96.85925478,0,-96.85925478,8.953723275
3/20/2015 18:14,0,-96.85925478,0,-96.85925478,0,-96.85925478,8.953723275
3/20/2015 18:14,0,-96.85925478,0,-96.85925478,0,-96.85925478,8.953723275
3/20/2015 18:14,0,-96.85925478,0,-96.85925478,0,-96.85925478,8.953723275
3/20/2015 18:14,0,-96.85925478,0,-96.85925478,0,-96.85925478,8.953723275
3/20/2015 18:14,0,-96.85925478,0,-96.85925478,0,-96.85925478,8.953723275
3/20/2015 18:14,0,-96.85925478,0,-96.85925478,0,-96.85925478,8.953723275
3/20/2015 18:14,0,-96.85925478,0,-96.85925478,0,-96.85925478,8.953723275
3/20/2015 18:14,0,-96.85925478,0,-96.85925478,0,-96.85925478,8.953723275
3/20/2015 18:14,0,-96.85925478,0,-96.85925478,0,-96.85925478,8.953723275
3/20/2015 18:14,0,-96.85925478,0,-96.85925478,0,-96.85925478,8.953723275
3/20/2015 18:14,0,-96.85925478,0,-96.85925478,0,-96.85925478,8.953723275
3/20/2015 18:14,0,-96.85925478,0,-96.85925478,0,-96.85925478,8.953723275
3/20/2015 18:14,0,-96.85925478,0,-96.85925478,0,-96.85925478,8.953723275
3/20/2015 18:14,0,-96.85925478,0,-96.85925478,0,-96.85925478,8.953723275
3/20/2015 18:14,0,-96.85925478,0,-96.85925478,0,-96.85925478,8.953723275
3/20/2015 18:14,0,-96.85925478,0,-96.85925478,0,-96.85925478,8.953723275
3/20/2015 18:14,0,-96.85925478,0,-96.85925478,0,-96.85925478,8.953723275
3/20/2015 18:14,0,-96.85925478,0,-96.85925478,0,-96.85925478,8.953723275
3/20/2015 18:14,0,-96.85925478,0,-96.85925478,0,-96.85925478,8.953723275
3/20/2015 18:14,0,-96.85925478,0,-96.85925478,0,-96.85925478,8.953723275
3/20/2015 18:14,0,-96.85925478,0,-96.85925478,0,-96.85925478,8.953723275
3/20/2015 18:14,0,-96.85925478,0,-96.85925478,0,-96.85925478,8.953723275
3/20/2015 18:14,0,-96.85925478,0,-96.85925478,0,-96.85925478,8.953723275
3/20/2015 18:14,0,-96.85925478,0,-96.85925478,0,-96.85925478,8.953723275
3/20/2015 18:14,0,-96.85925478,0,-96.85925478,0,-96.85925478,8.953723275
3/20/2015 18:14,0,-96.85925478,0,-96.85925478,0,-96.85925478,8.953723275
3/20/2015 18:14,0,-96.85925478,0,-96.85925478,0,-96.85925478,8.953723275
3/20/2015 18:14,0,-96.85925478,0,-96.85925478,0,-96.85925478,8.953723275
3/20/2015 18:14,0,-96.85925478,0,-96.85925478,0,-96.85925478,8.953723275
3/20/2015 18:14,0,-96.85925478,0,-96.85925478,0,-96.85925478,8.953723275
3/20/2015 18:14,0,-96.85925478,0,-96.85925478,0,-96.85925478,8.953723275
3/20/2015 18:14,0,-96.85925478,0,-96.85925478,0,-96.85925478,8.953723275
3/20/2015 18:14,0,-96.85925478,0,-96.85925478,0,-96.85925478,8.953723275
3/20/2015 18:14,0,-96.85925478,0,-96.85925478,0,-96.85925478,8.953723275
3/20/2015 18:14,0,-96.85925478,0,-96.85925478,0,-96.85925478,8.953723275
3/20/2015 18:14,0,-96.85925478,0,-96.85925478,0,-96.85925478,8.953723275
3/20/2015 18:14,0,-96.85925478,0,-96.85925478,0,-96.85925478,8.953723275
3/20/2015 18:14,0,-96.85925478,0,-96.85925478,0,-96.85925478,8.953723275
3/20/2015 18:14,0,-96.85925478,0,-96.85925478,0,-96.85925478,8.953723275
3/20/2015 18:14,0,-96.85925478,0,-96.85925478,0,-96.85925478,8.953723275
3/20/2015 18:14,0,-96.85925478,0,-96.85925478,0,-96.85925478,8.953723275
3/20/2015 18:14,0,-96.85925478,0,-96.85925478,0,-96.85925478,8.953723275
3/20/2015 18:14,0,-96.85925478,0,-96.85925478,0,-96.85925478,8.953723275
3/20/2015 18:14,0,-96.85925478,0,-96.85925478,0,-96.85925478,8.953723275
3/20/2015 18:14,0,-96.85925478,0,-96.85925478,0,-96.85925478,8.953723275
3/20/2015 18:14,0,-96.85925478,0,-96.85925478,0,-96.85925478,8.953723275
3/20/2015 18:14,0,-96.85925478,0,-96.85925478,0,-96.85925478,8.953723275
3/20/2015 18:14,0,-96.85925478,0,-96.85925478,0,-96.85925478,8.953723275
3/20/2015 18:14,0,-96.85925478,0,-96.85925478,0,-96.85925478,8.953723275
3/20/2015 18:14,0,-96.85925478,0,-96.85925478,0,-96.85925478,8.953723275
3/20/2015 18:14,0,-96.85925478,0,-96.85925478,0,-96.85925478,8.953723275
3/20/2015 18:14,0,-96.85925478,0,-96.85925478,0,-96.85925478,8.953723275
3/20/2015 18:14,0,-96.85925478,0,-96.85925478,0,-96.85925478,8.953723275
3/20/2015 18:14,0,-96.85925478,0,-96.85925478,0,-96.85925478,8.953723275
3/20/2015 18:14,0,-96.85925478,0,-96.85925478,0,-96.85925478,8.953723275
3/20/2015 18:14,0,-96.85925478,0,-96.85925478,0,-96.85925478,8.953723275
3/20/2015 18:14,0,-96.85925478,0,-96.85925478,0,-96.85925478,8.953723275
3/20/2015 18:14,0,-96.85925478,0,-96.85925478,0,-96.85925478,8.953723275
3/20/2015 18:14,0,-96.85925478,0,-96.85925478,0,-96.85925478,8.953723275
3/20/2015 18:14,0,-96.85925478,0,-96.85925478,0,-96.85925478,8.953723275
3/20/2015 18:14,0,-96.85925478,0,-96.85925478,0,-96.85925478,8.953723275
3/20/2015 18:14,0,-96.85925478,0,-96.85925478,0,-96.85925478,8.953723275
3/20/2015 18:14,0,-96.85925478,0,-96.85925478,0,-96.85925478,8.953723275
3/20/2015 18:14,0,-96.85925478,0,-96.85925478,0,-96.85925478,8.953723275
3/20/2015 18:14,0,-96.85925478,0,-96.85925478,0,-96.85925478,8.953723275
3/20/2015 18:14,0,-96.85925478,0,-96.85925478,0,-96.85925478,8.953723275
3/20/2015 18:14,0,-96.85925478,0,-96.85925478,0,-96.85925478,8.953723275
3/20/2015 18:14,0,-96.85925478,0,-96.85925478,0,-96.85925478,8.953723275
3/20/2015 18:14,0,-96.85925478,0,-96.85925478,0,-96.85925478,8.953723275
3/20/2015 18:14,0,-96.85925478,0,-96.85925478,0,-96.85925478,8.953723275
3/20/2015 18:14,0,-96.85925478,0,-96.85925478,0,-96.85925478,8.953723275
3/20/2015 18:14,0,-96.85925478,0,-96.85925478,0,-96.85925478,8.953723275
3/20/2015 18:14,0,-96.85925478,0,-96.85925478,0,-96.85925478,8.953723275
3/20/2015 18:14,0,-96.85925478,0,-96.85925478,0,-96.85925478,8.953723275
3/20/2015 18:14,0,-96.85925478,0,-96.85925478,0,-96.85925478,8.953723275
3/20/2015 18:14,0,-96.85925478,0,-96.85925478,0,-96.85925478,8.953723275
3/20/2015 18:14,0,-96.85925478,0,-96.85925478,0,-96.85925478,8.953723275
3/20/2015 18:14,0,-96.85925478,0,-96.85925478,0,-96.85925478,8.953723275
3/20/2015 18:14,0,-96.85925478,0,-96.85925478,0,-96.85925478,8.953723275
3/20/2015 18:14,0,-96.85925478,0,-96.85925478,0,-96.85925478,8.953723275
3/20/2015 18:14,0,-96.85925478,0,-96.85925478,0,-96.85925478,8.953723275
3/20/2015 18:14,0,-96.85925478,0,-96.85925478,0,-96.85925478,8.953723275
3/20/2015 18:14,0,-96.85925478,0,-96.85925478,0,-96.85925478,8.953723275
3/20/2015 18:14,0,-96.85925478,0,-96.85925478,0,-96.85925478,8.953723275
3/20/2015 18:14,0,-96.85925478,0,-96.85925478,0,-96.85925478,8.953723275
3/20/2015 18:14,0,-96.85925478,0,-96.85925478,0,-96.85925478,8.953723275
3/20/2015 18:14,0,-96.85925478,0,-96.85925478,0,-96.85925478,8.953723275
3/20/2015 18:14,0,-96.85925478,0,-96.85925478,0,-96.85925478,8.953723275
3/20/2015 18:14,0,-96.85925478,0,-96.85925478,0,-96.85925478,8.953723275
3/20/2015 18:14,0,-96.85925478,0,-96.85925478,0,-96.85925478,8.953723275
3/20/2015 18:14,0,-96.85925478,0,-96.85925478,0,-96.85925478,8.953723275
3/20/2015 18:14,0,-96.85925478,0,-96.85925478,0,-96.85925478,8.953723275
3/20/2015 18:14,0,-96.85925478,0,-96.85925478,0,-96.85925478,8.953723275
3/20/2015 18:14,0,-96.85925478,0,-96.85925478,0,-96.85925478,8.953723275
3/20/2015 18:14,0,-96.85925478,0,-96.85925478,0,-96.85925478,8.953723275
3/20/2015 18:14,0,-96.85925478,0,-96.85925478,0,-96.85925478,8.953723275
3/20/2015 18:14,0,-96.85925478,0,-96.85925478,0,-96.85925478,8.953723275
3/20/2015 18:14,0,-96.85925478,0,-96.85925478,0,-96.85925478,8.953723275
3/20/2015 18:14,0,-96.85925478,0,-96.85925478,0,-96.85925478,8.953723275
3/20/2015 18:14,0,-96.85925478,0,-96.85925478,0,-96.85925478,8.953723275
3/20/2015 18:14,0,-96.85925478,0,-96.85925478,0,-96.85925478,8.953723275
3/20/2015 18:14,0,-96.85925478,0,-96.85925478,0,-96.85925478,8.953723275
3/20/2015 18:14,0,-96.85925478,0,-96.85925478,0,-96.85925478,8.953723275
3/20/2015 18:14,0,-96.85925478,0,-96.85925478,0,-96.85925478,8.953723275
3/20/2015 18:14,0,-96.85925478,0,-96.85925478,0,-96.85925478,8.953723275
3/20/2015 18:14,0,-96.85925478,0,-96.85925478,0,-96.85925478,8.953723275
3/20/2015 18:14,0,-96.85925478,0,-96.85925478,0,-96.85925478,8.953723275
3/20/2015 18:14,0,-96.85925478,0,-96.85925478,0,-96.85925478,8.953723275
3/20/2015 18:14,0,-96.85925478,0,-96.85925478,0,-96.85925478,8.953723275
3/20/2015 18:14,0,-96.85925478,0,-96.85925478,0,-96.85925478,8.953723275
3/20/2015 18:14,0,-96.85925478,0,-96.85925478,0,-96.85925478,8.953723275
3/20/2015 18:14,0,-96.85925478,0,-96.85925478,0,-96.85925478,8.953723275
3/20/2015 18:14,0,-96.85925478,0,-96.85925478,0,-96.85925478,8.953723275
3/20/2015 18:14,0,-96.85925478,0,-96.85925478,0,-96.85925478,8.953723275
3/20/2015 18:14,0,-96.85925478,0,-96.85925478,0,-96.85925478,8.953723275
3/20/2015 18:14,0,-96.85925478,0,-96.85925478,0,-96.85925478,8.953723275
3/20/2015 18:14,0,-96.85925478,0,-96.85925478,0,-96.85925478,8.953723275
3/20/2015 18:14,0,-96.85925478,0,-96.85925478,0,-96.85925478,8.953723275
3/20/2015 18:14,0,-96.85925478,0,-96.85925478,0,-96.85925478,8.953723275
3/20/2015 18:14,0,-96.85925478,0,-96.85925478,0,-96.85925478,8.953723275
3/20/2015 18:14,0,-96.85925478,0,-96.85925478,0,-96.85925478,8.953723275
3/20/2015 18:14,0,-96.85925478,0,-96.85925478,0,-96.85925478,8.953723275
3/20/2015 18:14,0,-96.85925478,0,-96.85925478,0,-96.85925478,8.953723275
3/20/2015 18:14,0,-96.85925478,0,-96.85925478,0,-96.85925478,8.953723275
3/20/2015 18:14,0,-96.85925478,0,-96.85925478,0,-96.85925478,8.953723275
3/20/2015 18:14,0,-96.85925478,0,-96.85925478,0,-96.85925478,8.953723275
3/20/2015 18:14,0,-96.85925478,0,-96.85925478,0,-96.85925478,8.953723275
3/20/2015 18:14,0,-96.85925478,0,-96.85925478,0,-96.85925478,8.953723275
3/20/2015 18:14,0,-96.85925478,0,-96.85925478,0,-96.85925478,8.953723275
3/20/2015 18:14,0,-96.85925478,0,-96.85925478,0,-96.85925478,8.953723275
3/20/2015 18:14,0,-96.85925478,0,-96.85925478,0,-96.85925478,8.953723275
3/20/2015 18:14,0,-96.85925478,0,-96.85925478,0,-96.85925478,8.953723275
3/20/2015 18:14,0,-96.85925478,0,-96.85925478,0,-96.85925478,8.953723275
3/20/2015 18:14,0,-96.85925478,0,-96.85925478,0,-96.85925478,8.953723275
3/20/2015 18:14,0,-96.85925478,0,-96.85925478,0,-96.85925478,8.953723275
3/20/2015 18:14,0,-96.85925478,0,-96.85925478,0,-96.85925478,8.953723275
3/20/2015 18:14,0,-96.85925478,0,-96.85925478,0,-96.85925478,8.953723275
3/20/2015 18:14,0,-96.85925478,0,-96.85925478,0,-96.85925478,8.953723275
3/20/2015 18:14,0,-96.85925478,0,-96.85925478,0,-96.85925478,8.953723275
3/20/2015 18:14,0,-96.85925478,0,-96.85925478,0,-96.85925478,8.953723275
3/20/2015 18:14,0,-96.85925478,0,-96.85925478,0,-96.85925478,8.953723275
3/20/2015 18:14,0,-96.85925478,0,-96.85925478,0,-96.85925478,8.953723275
3/20/2015 18:14,0,-96.85925478,0,-96.85925478,0,-96.85925478,8.953723275
3/20/2015 18:14,0,-96.85925478,0,-96.85925478,0,-96.85925478,8.953723275
3/20/2015 18:14,0,-96.85925478,0,-96.85925478,0,-96.85925478,8.953723275
3/20/2015 18:14,0,-96.85925478,0,-96.85925478,0,-96.85925478,8.953723275
3/20/2015 18:14,0,-96.85925478,0,-96.85925478,0,-96.85925478,8.953723275
3/20/2015 18:14,0,-96.85925478,0,-96.85925478,0,-96.85925478,8.953723275
3/20/2015 18:14,0,-96.85925478,0,-96.85925478,0,-96.85925478,8.953723275
3/20/2015 18:14,0,-96.85925478,0,-96.85925478,0,-96.85925478,8.953723275
3/20/2015 18:14,0,-96.85925478,0,-96.85925478,0,-96.85925478,8.953723275
3/20/2015 18:14,0,-96.85925478,0,-96.85925478,0,-96.85925478,8.953723275
3/20/2015 18:14,0,-96.85925478,0,-96.85925478,0,-96.85925478,8.953723275
3/20/2015 18:14,0,-96.85925478,0,-96.85925478,0,-96.85925478,8.953723275
3/20/2015 18:14,0,-96.85925478,0,-96.85925478,0,-96.85925478,8.953723275
3/20/2015 18:14,0,-96.85925478,0,-96.85925478,0,-96.85925478,8.953723275
3/20/2015 18:14,0,-96.85925478,0,-96.85925478,0,-96.85925478,8.953723275
3/20/2015 18:14,0,-96.85925478,0,-96.85925478,0,-96.85925478,8.953723275
3/20/2015 18:14,0,-96.85925478,0,-96.85925478,0,-96.85925478,8.953723275
3/20/2015 18:14,0,-96.85925478,0,-96.85925478,0,-96.85925478,8.953723275
3/20/2015 18:14,0,-96.85925478,0,-96.85925478,0,-96.85925478,8.953723275
3/20/2015 18:14,0,-96.85925478,0,-96.85925478,0,-96.85925478,8.953723275
3/20/2015 18:14,0,-96.85925478,0,-96.85925478,0,-96.85925478,8.953723275
3/20/2015 18:14,0,-96.85925478,0,-96.85925478,0,-96.85925478,8.953723275
3/20/2015 18:14,0,-96.85925478,0,-96.85925478,0,-96.85925478,8.953723275
3/20/2015 18:14,0,-96.85925478,0,-96.85925478,0,-96.85925478,8.953723275
3/20/2015 18:14,0,-96.85925478,0,-96.85925478,0,-96.85925478,8.953723275
3/20/2015 18:14,0,-96.85925478,0,-96.85925478,0,-96.85925478,8.953723275
3/20/2015 18:14,0,-96.85925478,0,-96.85925478,0,-96.85925478,8.953723275
3/20/2015 18:14,0,-96.85925478,0,-96.85925478,0,-96.85925478,8.953723275
3/20/2015 18:14,0,-96.85925478,0,-96.85925478,0,-96.85925478,8.953723275
3/20/2015 18:14,0,-96.85925478,0,-96.85925478,0,-96.85925478,8.953723275
3/20/2015 18:14,0,-96.85925478,0,-96.85925478,0,-96.85925478,8.953723275
3/20/2015 18:14,0,-96.85925478,0,-96.85925478,0,-96.85925478,8.953723275
3/20/2015 18:14,0,-96.85925478,0,-96.85925478,0,-96.85925478,8.953723275
3/20/2015 18:14,0,-96.85925478,0,-96.85925478,0,-96.85925478,8.953723275
3/20/2015 18:14,0,-96.85925478,0,-96.85925478,0,-96.85925478,8.953723275
3/20/2015 18:14,0,-96.85925478,0,-96.85925478,0,-96.85925478,8.953723275
3/20/2015 18:14,0,-96.85925478,0,-96.85925478,0,-96.85925478,8.953723275
3/20/2015 18:14,0,-96.85925478,0,-96.85925478,0,-96.85925478,8.953723275
3/20/2015 18:14,0,-96.85925478,0,-96.85925478,0,-96.85925478,8.953723275
3/20/2015 18:14,0,-96.85925478,0,-96.85925478,0,-96.85925478,8.953723275
3/20/2015 18:14,0,-96.85925478,0,-96.85925478,0,-96.85925478,8.953723275
3/20/2015 18:14,0,-96.85925478,0,-96.85925478,0,-96.85925478,8.953723275
3/20/2015 18:14,0,-96.85925478,0,-96.85925478,0,-96.85925478,8.953723275
3/20/2015 18:14,0,-96.85925478,0,-96.85925478,0,-96.85925478,8.953723275
3/20/2015 18:14,0,-96.85925478,0,-96.85925478,0,-96.85925478,8.953723275
3/20/2015 18:14,0,-96.85925478,-10.8912936,-63.7671428,-5.445646799,-80.31319879,7.711394231
3/20/2015 18:14,0,-96.85925478,-17.35345747,-39.97102745,-8.676728733,-68.41514112,6.813811402
3/20/2015 18:14,-1.975284719,-78.18630512,-16.00917597,-22.24781935,-8.992230344,-50.21706223,5.493778421
3/20/2015 18:14,-6.514257792,-50.53141376,-13.30085611,-8.219275987,-9.907556953,-29.37534487,3.969254794
3/20/2015 18:14,-7.775851699,-40.22340814,-13.1911248,-3.948138548,-10.48348825,-22.08577335,3.373866735
3/20/2015 18:14,-9.127414752,-30.62781519,-13.35209161,1.922015428,-11.23975318,-14.35289988,2.735579754
3/20/2015 18:14,-10.15696506,-15.45138482,-14.22199782,2.515700201,-12.18948144,-6.467842309,2.071975679
3/20/2015 18:14,-10.23690898,-3.920002152,-14.97096334,2.986293301,-12.60393616,-0.466854425,1.578193864
3/20/2015 18:14,-9.911581638,5.454928545,-14.29558244,4.145475987,-12.10358204,4.800202266,1.140245038
3/20/2015 18:14,-9.911581638,5.454928545,-14.29558244,4.145475987,-12.10358204,4.800202266,1.140245038
3/20/2015 18:14,-9.911581638,5.454928545,-14.29558244,4.145475987,-12.10358204,4.800202266,1.140245038
3/20/2015 18:14,-9.911581638,5.454928545,-14.29558244,4.145475987,-12.10358204,4.800202266,1.140245038
3/20/2015 18:14,-9.911581638,5.454928545,-15.49176746,6.38025755,-12.70167455,5.917593047,1.08158411
3/20/2015 18:14,-9.911581638,5.454928545,-15.49176746,6.38025755,-12.70167455,5.917593047,1.08158411
3/20/2015 18:14,-9.911581638,5.454928545,-15.49176746,6.38025755,-12.70167455,5.917593047,1.08158411
3/20/2015 18:14,-9.911581638,5.454928545,-15.49176746,6.38025755,-12.70167455,5.917593047,1.08158411
3/20/2015 18:14,-11.71307672,6.621732295,-16.38457926,-0.055735086,-14.04882799,3.282998605,0.876964152
3/20/2015 18:14,-16.26673046,13.36251852,-17.38143168,4.708806655,-16.82408107,9.035662586,0.633606507
3/20/2015 18:14,-17.57493017,16.50716591,-17.92845153,7.111820252,-17.75169085,11.80949308,0.538565438
3/20/2015 18:14,-19.07833781,21.13588258,-18.62358136,10.96795247,-18.85095959,16.05191753,0.389113827
3/20/2015 18:14,-19.53299036,22.14084977,-19.32342536,13.78159704,-19.42820786,17.96122341,0.281134728
3/20/2015 18:14,-20.65840119,22.59290386,-19.37356315,15.14277899,-20.01598217,18.86784143,0.203119806
3/20/2015 18:14,-21.00174324,22.50556708,-19.96407736,16.64853678,-20.4829103,19.57705193,0.146753996
3/20/2015 18:14,-21.52351643,22.28914961,-20.09887208,18.35123294,-20.81119426,20.32019128,0.106029754
3/20/2015 18:14,-21.75262825,22.06629915,-20.36490117,19.54019069,-21.05876471,20.80324492,0.076606599
3/20/2015 18:14,-21.93420022,21.62099754,-20.25834801,19.52873058,-21.09627411,20.57486406,0.065115604
3/20/2015 18:14,-21.09909893,18.98791276,-19.60789436,18.27196149,-20.35349664,18.62993713,0.039989155
3/20/2015 18:14,-20.69012856,17.67117728,-19.60890291,16.36331929,-20.14951573,17.01724828,0.028892197
3/20/2015 18:14,-20.60916129,16.97797873,-19.60890291,16.36331929,-20.1090321,16.67064901,0.025745188
3/20/2015 18:14,-20.37528379,15.91493225,-19.50767863,15.74552006,-19.94148121,15.83022616,0.019609906
3/20/2015 18:14,-20.39316797,15.33784855,-19.39887398,15.02711582,-19.89602097,15.18248218,0.015025612
3/20/2015 18:14,-20.36281778,14.95064616,-19.65138562,15.44128102,-20.0071017,15.19596359,0.011584849
3/20/2015 18:14,-20.41539297,14.87931889,-19.90026582,16.06231379,-20.1578294,15.47081634,0.008989467
3/20/2015 18:14,-20.84224626,13.97142714,-20.18739186,15.2758069,-20.51481906,14.62361702,0.006494989
3/20/2015 18:14,-21.28745388,12.64545796,-20.49064876,14.6725075,-20.88905132,13.65898273,0.005520858
3/20/2015 18:14,-21.79454435,10.2206508,-21.01609563,14.29781899,-21.40531999,12.2592349,0.003665518
3/20/2015 18:14,-21.67830678,9.009634597,-21.18583018,13.88454297,-21.43206848,11.44708878,0.002882005
3/20/2015 18:14,-21.65093362,8.246197456,-21.18583018,13.88454297,-21.4183819,11.06537021,0.002683385
3/20/2015 18:14,-35.86345801,0.359849242,-30.64227763,8.897411271,-33.25286782,4.628630257,0.002137404
3/20/2015 18:14,-45.91567911,-7.598496925,-41.42686174,2.321848096,-43.67127043,-2.638324415,0.001816911
3/20/2015 18:14,-85.97359629,-43.26820264,-86.24276569,-33.29123471,-86.10818099,-38.27971867,0.001116334
3/20/2015 18:14,-111.8767426,-65.06746794,-112.6528335,-54.57791941,-112.2647881,-59.82269367,0.000806902
3/20/2015 18:14,-130.5917659,-80.81743712,-131.7036577,-70.83929127,-131.1477118,-75.82836419,0.000583392
3/20/2015 18:14,-141.5777554,-89.92909419,-145.5807866,-83.88772422,-143.579271,-86.9084092,0.000421931
3/20/2015 18:14,-128.2651678,-77.77066117,-150.8684298,-89.11081817,-139.5667988,-83.44073967,0.000358804
3/20/2015 18:14,-110.2465514,-58.16854247,-107.4858024,-61.23663428,-108.8661769,-59.70258837,0.000235381
3/20/2015 18:14,-96.56323975,-43.31051832,-91.02298967,-49.5812036,-93.79311471,-46.44586096,0.000170173
3/20/2015 18:14,-92.07835286,-36.62429991,-77.94888835,-37.64969761,-85.0136206,-37.13699876,0.000132167
3/20/2015 18:14,-80.9335388,-29.44238997,-72.84292175,-32.98996081,-76.88823027,-31.21617539,0.000104593
3/20/2015 18:14,-80.9335388,-29.44238997,-72.84292175,-32.98996081,-76.88823027,-31.21617539,0.000104593
3/20/2015 18:14,-80.9335388,-29.44238997,-72.84292175,-32.98996081,-76.88823027,-31.21617539,0.000104593
3/20/2015 18:14,-80.9335388,-29.44238997,-72.84292175,-32.98996081,-76.88823027,-31.21617539,0.000104593
3/20/2015 18:14,-80.9335388,-29.44238997,-72.84292175,-32.98996081,-76.88823027,-31.21617539,0.000104593
3/20/2015 18:14,-80.9335388,-29.44238997,-75.40806292,-38.03721003,-78.17080086,-33.7398,9.56E-05
3/20/2015 18:14,-86.49073636,-39.08157679,-79.50755684,-42.84644796,-82.9991466,-40.96401237,6.93E-05
3/20/2015 18:14,-88.66308728,-43.21497004,-81.04771474,-44.84331012,-84.85540101,-44.02914008,5.91E-05
3/20/2015 18:14,-88.66308728,-43.21497004,-81.04771474,-44.84331012,-84.85540101,-44.02914008,5.91E-05
3/20/2015 18:14,-88.66308728,-43.21497004,-81.04771474,-44.84331012,-84.85540101,-44.02914008,5.91E-05
3/20/2015 18:14,-88.66308728,-43.21497004,-81.04771474,-44.84331012,-84.85540101,-44.02914008,5.91E-05
3/20/2015 18:14,-99.34243071,-62.43561754,-93.28809786,-58.58932614,-96.31526429,-60.51247184,4.31E-05
3/20/2015 18:14,-107.7988358,-71.74379442,-93.28809786,-58.58932614,-100.5434668,-65.16656028,3.78E-05
3/20/2015 18:14,-113.5792656,-77.87888077,-93.28809786,-58.58932614,-103.4336817,-68.23410346,3.40E-05
3/20/2015 18:14,-119.4423898,-82.38722829,-98.24077514,-62.39415516,-108.8415825,-72.39069173,2.78E-05
3/20/2015 18:14,-122.0308798,-83.86599207,-102.092543,-65.65457812,-112.0617114,-74.76028509,2.38E-05
3/20/2015 18:14,-126.9401361,-86.14356385,-110.0100294,-69.8689232,-118.4750827,-78.00624352,1.76E-05
3/20/2015 18:14,-131.616916,-87.01380556,-115.9275603,-73.02460564,-123.7722382,-80.0192056,1.30E-05
3/20/2015 18:14,-133.7350911,-87.97866162,-118.1869248,-74.47990435,-125.9610079,-81.22928299,1.13E-05
3/20/2015 18:14,-136.7484927,-90.24791011,-121.2333263,-76.6976663,-128.9909095,-83.4727882,8.46E-06
3/20/2015 18:14,-139.2735184,-91.28731442,-122.7956991,-78.26377592,-131.0346087,-84.77554517,6.47E-06
3/20/2015 18:14,-140.7946469,-91.0295377,-123.4818513,-79.92124643,-132.1382491,-85.47539207,4.99E-06
3/20/2015 18:14,-142.3137645,-91.21156343,-124.2322696,-81.24727528,-133.273017,-86.22941935,3.96E-06
3/20/2015 18:14,-143.4836144,-92.28406349,-124.3105955,-82.21383813,-133.897105,-87.24895081,3.21E-06
3/20/2015 18:14,-145.5709997,-92.47085413,-125.3113989,-83.48164054,-135.4411993,-87.97624733,2.69E-06
3/20/2015 18:14,-146.2434247,-92.43177035,-125.8436388,-84.11014794,-136.0435318,-88.27095914,2.47E-06
3/20/2015 18:14,-147.2663292,-93.51757354,-126.965342,-85.69939017,-137.1158356,-89.60848185,2.18E-06
3/20/2015 18:14,-148.0561311,-95.42189444,-128.3076143,-86.56396137,-138.1818727,-90.99292791,1.96E-06
3/20/2015 18:14,-148.6404634,-96.19019816,-129.0020835,-86.8610021,-138.8212734,-91.52560013,1.82E-06
3/20/2015 18:14,-149.1619735,-96.31897049,-129.0020835,-86.8610021,-139.0820285,-91.58998629,1.74E-06
3/20/2015 18:14,-148.7539233,-96.2105882,-129.0020835,-86.8610021,-138.8780034,-91.53579515,1.72E-06
3/20/2015 18:14,-146.1629391,-95.10170835,-129.0020835,-86.8610021,-137.5825113,-90.98135522,1.68E-06
3/20/2015 18:14,-140.1257751,-93.04165184,-129.0020835,-86.8610021,-134.5639293,-89.95132697,1.65E-06
3/20/2015 18:14,-135.2645216,-91.67951312,-120.3080473,-86.8296152,-127.7862844,-89.25456416,1.51E-06
3/20/2015 18:14,-133.4820764,-91.10454925,-116.488817,-86.70484638,-124.9854467,-88.90469781,1.46E-06
3/20/2015 18:14,-130.1465352,-90.15946001,-110.2660162,-87.08079048,-120.2062757,-88.62012525,1.37E-06
3/20/2015 18:14,-127.2879217,-89.15310992,-106.0066925,-87.20577265,-116.6473071,-88.17944129,1.34E-06
3/20/2015 18:14,-125.3040656,-88.94780485,-102.8305961,-86.90488778,-114.0673308,-87.92634632,1.31E-06
3/20/2015 18:14,-123.5514053,-89.4690664,-100.43573,-86.73275964,-111.9935676,-88.10091302,1.30E-06
3/20/2015 18:14,-120.8965586,-89.38649161,-97.29561255,-86.85294969,-109.0960856,-88.11972065,1.29E-06
3/20/2015 18:14,-115.6575753,-90.13714129,-92.63933389,-86.85036599,-104.1484546,-88.49375364,1.29E-06
3/20/2015 18:14,-111.821296,-90.36329079,-89.25737734,-86.77742145,-100.5393367,-88.57035612,1.28E-06
3/20/2015 18:14,-108.386153,-89.49592413,-86.64467844,-87.40560576,-97.51541571,-88.45076494,1.27E-06
3/20/2015 18:14,-105.7116311,-89.25923456,-84.77272367,-87.90725689,-95.24217736,-88.58324573,1.27E-06
3/20/2015 18:14,-99.32154156,-89.32709872,-71.32926817,-88.07118585,-85.32540487,-88.69914228,1.21E-06
3/20/2015 18:14,-90.60359368,-90.69917577,-36.47189265,-87.89523517,-63.53774317,-89.29720547,1.19E-06
3/20/2015 18:14,-58.81352133,-95.52236475,-18.46214006,-87.28833594,-38.6378307,-91.40535034,1.21E-06
3/20/2015 18:14,-46.14421034,-97.33696623,-11.48314222,-87.01486759,-28.81367628,-92.17591691,1.26E-06
3/20/2015 18:14,-26.22833446,-98.14646023,-5.550994047,-86.7824195,-15.88966425,-92.46443987,1.28E-06
3/20/2015 18:14,-12.13636071,-98.21085083,-0.508668102,-86.58483862,-6.322514405,-92.39784473,1.30E-06
3/20/2015 18:14,-2.039469065,-97.72801035,4.016525376,-86.29810823,0.988528156,-92.01305929,1.29E-06
3/20/2015 18:14,8.368260138,-98.14882245,15.82033654,-86.02394562,12.09429834,-92.08638403,1.30E-06
3/20/2015 18:14,17.42405764,-96.70299474,23.83140484,-86.57104262,20.62773124,-91.63701868,1.26E-06
3/20/2015 18:14,23.4124093,-95.240512,28.69216624,-87.28810308,26.05228777,-91.26430754,1.31E-06
3/20/2015 18:14,25.47266876,-94.47798475,31.29900446,-87.3105087,28.38583661,-90.89424672,1.29E-06
3/20/2015 18:14,29.79820644,-93.38730203,35.07339721,-87.3269037,32.43580182,-90.35710286,1.27E-06
3/20/2015 18:14,29.73327207,-93.66763945,27.54167189,-88.45175479,28.63747198,-91.05969712,1.26E-06
3/20/2015 18:14,29.73327207,-93.66763945,26.53899485,-88.30148852,28.13613346,-90.98456398,1.24E-06
3/20/2015 18:14,29.73327207,-93.66763945,28.23598701,-87.66064784,28.98462954,-90.66414364,1.25E-06
3/20/2015 18:14,29.73327207,-93.66763945,24.86385887,-87.05614398,27.29856547,-90.36189172,1.26E-06
3/20/2015 18:14,25.98920619,-93.16395107,20.18201792,-87.40379578,23.08561205,-90.28387343,1.23E-06
3/20/2015 18:14,20.5788476,-92.40786102,15.55493955,-87.76794598,18.06689357,-90.0879035,1.25E-06
3/20/2015 18:14,15.87088311,-91.80328671,10.95082603,-87.2521657,13.41085457,-89.52772621,1.25E-06
3/20/2015 18:14,14.95652348,-91.90521829,9.871484728,-87.07695218,12.4140041,-89.49108524,1.24E-06
3/20/2015 18:14,13.2689313,-91.58501472,9.15171793,-86.97949016,11.21032461,-89.28225244,1.26E-06
3/20/2015 18:14,11.73815386,-91.22635545,8.93485382,-86.94641864,10.33650384,-89.08638705,1.27E-06
3/20/2015 18:14,11.31264258,-90.97653484,8.064009415,-85.99837046,9.688325998,-88.48745265,1.27E-06
3/20/2015 18:14,9.108767133,-91.89180165,5.009185097,-85.39311233,7.058976115,-88.64245699,1.26E-06
3/20/2015 18:14,5.2522895,-91.95375194,0.809168035,-84.96321264,3.030728767,-88.45848229,1.26E-06
3/20/2015 18:14,-2.901135056,-93.05693654,-5.255249926,-84.42304981,-4.078192491,-88.73999317,1.25E-06
3/20/2015 18:14,-14.3445363,-93.24898012,-5.255249926,-84.42304981,-9.799893114,-88.83601497,1.26E-06
3/20/2015 18:14,-23.72995181,-91.99015649,-16.39146439,-85.89221987,-20.0607081,-88.94118818,1.29E-06
3/20/2015 18:14,-29.18857139,-90.68909764,-24.49315415,-87.38817457,-26.84086277,-89.0386361,1.29E-06
3/20/2015 18:14,-31.32131588,-90.11935888,-27.62244469,-87.95234364,-29.47188029,-89.03585126,1.29E-06
3/20/2015 18:14,-34.41907371,-89.64143247,-30.26625076,-89.94088111,-32.34266224,-89.79115679,1.33E-06
3/20/2015 18:14,-35.37661139,-88.87305328,-32.12124842,-90.57233924,-33.74892991,-89.72269626,1.29E-06
3/20/2015 18:14,-35.76938955,-88.96055055,-32.7828013,-90.39130196,-34.27609543,-89.67592626,1.28E-06
3/20/2015 18:14,-36.56291765,-89.31325261,-33.81793146,-90.18338052,-35.19042456,-89.74831657,1.25E-06
3/20/2015 18:14,-36.56291765,-89.31325261,-33.81793146,-90.18338052,-35.19042456,-89.74831657,1.25E-06
3/20/2015 18:14,-36.56291765,-89.31325261,-33.81793146,-90.18338052,-35.19042456,-89.74831657,1.25E-06
3/20/2015 18:14,-36.56291765,-89.31325261,-33.81793146,-90.18338052,-35.19042456,-89.74831657,1.25E-06
3/20/2015 18:14,-36.56291765,-89.31325261,-33.81793146,-90.18338052,-35.19042456,-89.74831657,1.25E-06
3/20/2015 18:14,-36.56291765,-89.31325261,-33.81793146,-90.18338052,-35.19042456,-89.74831657,1.25E-06
3/20/2015 18:14,-43.42889174,-90.05259026,-38.249914,-87.86113613,-40.83940287,-88.95686319,1.24E-06
3/20/2015 18:14,-49.0978382,-89.01920217,-42.19527884,-87.04453245,-45.64655852,-88.03186731,1.20E-06
3/20/2015 18:14,-52.95401183,-87.84338825,-45.70502714,-85.12383755,-49.32951949,-86.4836129,1.14E-06
3/20/2015 18:14,-52.95401183,-87.84338825,-45.70502714,-85.12383755,-49.32951949,-86.4836129,1.14E-06
3/20/2015 18:14,-52.95401183,-87.84338825,-45.70502714,-85.12383755,-49.32951949,-86.4836129,1.14E-06
3/20/2015 18:14,-52.95401183,-87.84338825,-45.70502714,-85.12383755,-49.32951949,-86.4836129,1.14E-06
3/20/2015 18:14,-52.95401183,-87.84338825,-45.70502714,-85.12383755,-49.32951949,-86.4836129,1.14E-06
3/20/2015 18:14,-52.95401183,-87.84338825,-45.70502714,-85.12383755,-49.32951949,-86.4836129,1.14E-06
3/20/2015 18:14,-66.6597191,-92.7447594,-56.78509309,-86.72887055,-61.7224061,-89.73681498,1.19E-06
3/20/2015 18:14,-71.48042524,-94.11266909,-61.28132945,-86.71185029,-66.38087734,-90.41225969,1.21E-06
3/20/2015 18:14,-79.00634737,-94.60238884,-69.15525706,-84.57140231,-74.08080222,-89.58689557,1.22E-06
3/20/2015 18:14,-84.14658733,-94.78106233,-74.77416448,-83.1875495,-79.46037591,-88.98430592,1.20E-06
3/20/2015 18:14,-86.87365319,-95.23717791,-77.6078094,-82.73685009,-82.2407313,-88.987014,1.18E-06
3/20/2015 18:14,-91.6880119,-95.75377284,-77.6078094,-82.73685009,-84.64791065,-89.24531146,1.19E-06
3/20/2015 18:14,-95.81461118,-95.46885428,-80.5562849,-82.25481646,-88.18544804,-88.86183537,1.22E-06
3/20/2015 18:14,-98.47364611,-95.16798372,-85.60153054,-81.22480521,-92.03758832,-88.19639446,1.23E-06
3/20/2015 18:14,-100.5708531,-94.85255014,-89.28418492,-81.5898876,-94.92751903,-88.22121887,1.20E-06
3/20/2015 18:14,-104.0859569,-95.09968851,-95.05119618,-81.75546128,-99.56857655,-88.42757489,1.21E-06
3/20/2015 18:14,-107.260379,-96.60827633,-99.44166167,-82.02434636,-103.3510203,-89.31631135,1.17E-06
3/20/2015 18:14,-108.44905,-96.92985084,-101.2122464,-82.37654868,-104.8306482,-89.65319976,1.17E-06
3/20/2015 18:14,-110.2248096,-96.08015956,-105.1806341,-82.1550348,-107.7027219,-89.11759718,1.20E-06
3/20/2015 18:14,-111.661211,-95.83546926,-106.6113734,-82.15716242,-109.1362922,-88.99631584,1.21E-06
3/20/2015 18:14,-112.0913324,-95.68064516,-106.6113734,-82.15716242,-109.3513529,-88.91890379,1.23E-06
3/20/2015 18:14,-112.8814743,-95.33219059,-106.6113734,-82.15716242,-109.7464238,-88.7446765,1.23E-06
3/20/2015 18:14,-112.9993973,-95.30475181,-106.6113734,-82.15716242,-109.8053854,-88.73095711,1.24E-06
3/20/2015 18:14,-113.521192,-94.54043986,-107.3683086,-82.69310459,-110.4447503,-88.61677223,1.20E-06
3/20/2015 18:14,-113.6647824,-93.82918588,-108.8512361,-82.76802283,-111.2580092,-88.29860436,1.18E-06
3/20/2015 18:14,-114.0003812,-93.32513198,-109.8786199,-82.73511393,-111.9395006,-88.03012295,1.21E-06
3/20/2015 18:14,-113.9723604,-93.52261259,-110.1993756,-82.85906197,-112.085868,-88.19083728,1.21E-06
3/20/2015 18:14,-114.2064477,-93.51690194,-110.4051479,-83.3755969,-112.3057978,-88.44624942,1.22E-06
3/20/2015 18:14,-114.3167463,-93.89656031,-110.1228553,-83.51693761,-112.2198008,-88.70674896,1.25E-06
3/20/2015 18:14,-114.5378741,-93.75830761,-110.0822323,-83.56902802,-112.3100532,-88.66366782,1.27E-06
3/20/2015 18:14,-113.0988674,-90.83270346,-103.4663572,-74.6836983,-108.2826123,-82.75820088,1.20E-06
3/20/2015 18:14,-105.6536919,-80.01710204,-93.71401876,-62.08621613,-99.68385535,-71.05165909,9.53E-07
3/20/2015 18:14,-96.26979403,-66.33459139,-86.45360551,-52.67888705,-91.36169977,-59.50673922,6.24E-07
3/20/2015 18:14,-88.78563829,-57.39151732,-81.7201859,-44.90144813,-85.2529121,-51.14648273,5.51E-07
3/20/2015 18:14,-86.07142796,-53.94467082,-77.92740442,-40.40966984,-81.99941619,-47.17717033,6.06E-07
3/20/2015 18:14,-81.89307991,-48.82866159,-75.14125708,-37.13884524,-78.5171685,-42.98375342,4.77E-07
3/20/2015 18:14,-80.03155216,-47.11395354,-74.04894044,-35.98220273,-77.0402463,-41.54807813,4.08E-07
3/20/2015 18:14,-77.15431045,-44.68711561,-71.96452113,-34.17498956,-74.55941579,-39.43105258,2.20E-07
3/20/2015 18:14,-74.25954318,-42.47822696,-70.37836128,-33.87253878,-72.31895223,-38.17538287,2.59E-07
3/20/2015 18:14,-72.52584184,-38.43661393,-68.72258652,-30.17975517,-70.62421418,-34.30818455,2.85E-07
3/20/2015 18:14,-66.42212977,-22.54612886,-67.31517796,-27.04088911,-66.86865387,-24.79350898,4.33E-07
3/20/2015 18:14,-60.68733558,-6.708145789,-67.31517796,-27.04088911,-64.00125677,-16.87451745,2.52E-07
3/20/2015 18:14,-56.4681117,4.072691765,-66.26485466,-14.30871805,-61.36648318,-5.11801314,1.33E-07
3/20/2015 18:14,-54.06381383,17.64052705,-65.53045006,-3.167616242,-59.79713195,7.236455404,3.78E-07
3/20/2015 18:14,-53.19282551,24.88848182,-65.53045006,-3.167616242,-59.36163779,10.86043279,2.45E-07
3/20/2015 18:14,-53.09204481,28.09298419,-65.17373011,6.621926737,-59.13288746,17.35745546,3.42E-07
3/20/2015 18:14,-49.82985094,33.13485827,-53.45729238,25.30545261,-51.64357166,29.22015544,-6.09E-08
3/20/2015 18:14,-46.62716809,38.10705064,-48.50827831,33.08475305,-47.5677232,35.59590185,-3.20E-07
3/20/2015 18:14,-40.35329576,46.80614798,-44.45456178,39.71236201,-42.40392877,43.25925499,-5.40E-07
3/20/2015 18:14,-40.35329576,46.80614798,-40.90113,45.69474015,-40.62721288,46.25044406,-5.49E-07
3/20/2015 18:14,-40.35329576,46.80614798,-38.0036786,50.77713576,-39.17848718,48.79164187,-7.08E-07
3/20/2015 18:14,-35.87250975,52.12367105,-34.47017546,56.79357748,-35.1713426,54.45862427,-8.06E-07
3/20/2015 18:14,-35.87250975,52.12367105,-34.47017546,56.79357748,-35.1713426,54.45862427,-8.06E-07
3/20/2015 18:14,-32.53634159,58.27448439,-31.31151232,60.67838231,-31.92392696,59.47643335,-1.12E-06
3/20/2015 18:14,-29.1913925,63.76402267,-31.31151232,60.67838231,-30.25145241,62.22120249,-1.06E-06
3/20/2015 18:14,-26.70158776,68.81480902,-29.45563564,64.37367028,-28.0786117,66.59423965,-9.29E-07
3/20/2015 18:14,-24.39523247,72.29944373,-28.45961996,71.04222243,-26.42742622,71.67083308,-1.15E-06
3/20/2015 18:14,-22.07357195,75.15676464,-27.65269358,76.850616,-24.86313277,76.00369032,-1.31E-06
3/20/2015 18:14,-22.07357195,75.15676464,-27.65269358,76.850616,-24.86313277,76.00369032,-1.31E-06
3/20/2015 18:14,-20.37962181,77.67260299,-27.17097273,78.44851937,-23.77529727,78.06056118,-1.33E-06
3/20/2015 18:14,-20.37962181,77.67260299,-26.27909403,80.01914933,-23.32935792,78.84587616,-9.81E-07
3/20/2015 18:14,-18.63646485,80.0448938,-26.11542416,80.50880518,-22.37594451,80.27684949,-6.17E-07
3/20/2015 18:14,-18.63646485,80.0448938,-25.914955,80.8076356,-22.27570993,80.4262647,-7.62E-07
3/20/2015 18:14,-16.15964997,81.49158448,-23.89381082,80.29498814,-20.0267304,80.89328631,-9.02E-07
3/20/2015 18:14,-7.568964916,82.15168838,2.258987333,74.26273597,-2.654988791,78.20721218,-1.42E-06
3/20/2015 18:14,-7.568964916,82.15168838,17.58364135,72.33691696,5.007338219,77.24430267,-1.29E-06
3/20/2015 18:14,3.440351379,82.98223689,46.75739123,69.77190479,25.09887131,76.37707084,-1.49E-06
3/20/2015 18:14,39.05051444,82.19950708,80.92545418,72.47227238,59.98798431,77.33588973,-8.91E-07
3/20/2015 18:14,53.15839596,82.17766762,89.62553986,72.92092716,71.39196791,77.54929739,-5.71E-07
3/20/2015 18:14,65.32851779,81.03017473,102.7624929,73.37746407,84.04550532,77.2038194,-8.07E-07
3/20/2015 18:14,75.55512589,82.0099396,112.2893598,73.8023246,93.92224287,77.9061321,-8.46E-07
3/20/2015 18:14,84.08370546,82.87648645,119.1936199,73.94360874,101.6386627,78.4100476,-8.36E-07
3/20/2015 18:14,78.05567379,82.20131683,118.5047456,74.78224364,98.28020968,78.49178023,-7.36E-07
3/20/2015 18:14,60.12951611,83.16735755,109.8600903,76.90682798,84.99480322,80.03709276,-3.30E-07
3/20/2015 18:14,51.15263527,83.95316067,92.18442969,79.55201866,71.66853248,81.75258967,-1.03E-07
3/20/2015 18:14,36.73374526,84.07256591,64.21345438,86.42543251,50.47359982,85.24899921,-2.79E-07
3/20/2015 18:14,25.64881815,83.66270193,43.94175068,90.96964822,34.79528442,87.31617508,-5.12E-07
3/20/2015 18:14,17.23095673,83.57869967,29.18209488,91.83600094,23.2065258,87.70735031,-1.09E-07
3/20/2015 18:14,13.3716112,80.09735022,23.20303981,89.96890455,18.2873255,85.03312739,-1.38E-07
3/20/2015 18:14,13.3716112,80.09735022,23.20303981,89.96890455,18.2873255,85.03312739,-1.38E-07
3/20/2015 18:14,13.3716112,80.09735022,23.20303981,89.96890455,18.2873255,85.03312739,-1.38E-07
3/20/2015 18:14,8.204843421,74.13037537,7.958386365,74.21472242,8.081614893,74.1725489,-1.45E-07
3/20/2015 18:14,4.967035494,70.09796342,3.387234592,73.39357736,4.177135043,71.74577039,-3.24E-07
3/20/2015 18:14,0.101375327,68.0554728,-3.886192169,73.58071969,-1.892408421,70.81809625,-2.70E-07
3/20/2015 18:14,-1.870725465,68.9777339,-6.9263209,74.62092693,-4.398523183,71.79933041,-3.24E-07
3/20/2015 18:14,-5.503862502,70.68452824,-12.23792882,76.77255089,-8.870895659,73.72853957,-5.87E-07
3/20/2015 18:14,-8.71966571,71.83441066,-14.33720062,77.54363951,-11.52843317,74.68902509,-6.42E-07
3/20/2015 18:14,-8.71966571,71.83441066,-14.33720062,77.54363951,-11.52843317,74.68902509,-6.42E-07
3/20/2015 18:14,-11.27312571,73.67737687,-15.46992675,77.29239884,-13.37152623,75.48488786,-1.02E-06
3/20/2015 18:14,-11.12551923,74.45365677,-16.49449717,77.41944987,-13.8100082,75.93655332,-1.30E-06
3/20/2015 18:14,-10.89158934,75.43592171,-17.17596325,77.20804937,-14.03377629,76.32198554,-9.64E-07
3/20/2015 18:14,-9.687553699,78.47438657,-17.85695598,76.28929325,-13.77225484,77.38183991,-1.10E-06
3/20/2015 18:14,-8.256541591,80.26817996,-18.44412801,76.35226453,-13.3503348,78.31022225,-7.98E-07
3/20/2015 18:14,-6.814333363,81.8397527,-18.27160604,76.44091087,-12.5429697,79.14033179,-7.73E-07
3/20/2015 18:14,2.060673468,82.23733489,6.672269151,72.71544778,4.366471309,77.47639134,-8.74E-07
3/20/2015 18:14,9.75093196,82.13808447,33.83383973,70.7208539,21.79238584,76.42946919,-1.23E-06
3/20/2015 18:14,24.33303361,81.78285642,58.29732977,75.3488979,41.31518169,78.56587716,-7.65E-07
3/20/2015 18:14,37.0605009,80.34332675,67.82559865,75.94066185,52.44304977,78.1419943,-1.02E-06
3/20/2015 18:14,47.80536329,78.61736171,79.03303761,73.69167617,63.41920045,76.15451894,-6.63E-07
3/20/2015 18:14,56.4697017,78.24551278,83.3372094,72.52308501,69.90345555,75.38429889,-4.41E-07
3/20/2015 18:14,63.63610672,76.43686059,90.01373408,70.77027845,76.8249204,73.60356952,-4.92E-07
3/20/2015 18:14,70.02610102,74.55566213,92.63651146,69.94231237,81.33130624,72.24898725,-7.96E-07
3/20/2015 18:14,68.86324458,69.28856209,90.1799437,65.10895626,79.52159414,67.19875917,-6.50E-07
3/20/2015 18:14,61.57156403,65.2706449,80.9429276,62.60440251,71.25724581,63.9375237,-2.25E-07
3/20/2015 18:14,33.96490554,51.9875361,48.4947203,51.90907313,41.22981292,51.94830462,-3.54E-07
3/20/2015 18:14,14.46962719,39.60809497,25.15270996,42.21993683,19.81116858,40.9140159,-3.75E-07
3/20/2015 18:14,7.402478248,33.91551409,16.75158672,37.01388412,12.07703249,35.46469911,-4.70E-07
3/20/2015 18:14,-4.599797368,26.18976082,2.370178963,30.28092995,-1.114809202,28.23534538,-3.64E-08
3/20/2015 18:14,-13.58305886,22.0922846,-9.325751323,27.06110939,-11.45440509,24.57669699,1.25E-07
3/20/2015 18:14,-20.1802521,19.10134689,-17.29157138,24.51843394,-18.73591174,21.80989041,1.46E-07
3/20/2015 18:14,-26.67062571,18.25092178,-33.07868876,23.64604373,-29.87465724,20.94848275,1.81E-07
3/20/2015 18:14,-46.1914382,16.34288236,-43.1415097,24.14447693,-44.66647395,20.24367964,2.67E-07
3/20/2015 18:14,-66.08025139,14.43653078,-67.36005704,27.16107714,-66.72015421,20.79880396,4.03E-08
3/20/2015 18:14,-74.04083064,14.25610505,-76.56965169,26.970037,-75.30524117,20.61307102,-2.42E-07
3/20/2015 18:14,-80.64999535,14.37243831,-87.5740895,25.11789746,-84.11204243,19.74516788,-3.16E-07
3/20/2015 18:14,-87.39426622,17.04914312,-96.57029005,23.86064849,-91.98227814,20.45489581,-2.09E-07
3/20/2015 18:14,-87.39426622,17.04914312,-100.3524399,23.40909036,-93.87335305,20.22911674,-1.12E-07
3/20/2015 18:14,-87.39426622,17.04914312,-103.7845356,23.67757803,-95.58940091,20.36336057,-1.30E-08
3/20/2015 18:14,-87.39426622,17.04914312,-109.2103059,23.77210193,-98.30228607,20.41062253,-6.43E-08
3/20/2015 18:14,-87.39426622,17.04914312,-113.2647765,24.14280317,-100.3295214,20.59597315,-1.53E-07
3/20/2015 18:14,-93.1800062,19.41046529,-116.5902241,23.83718441,-104.8851152,21.62382485,-3.05E-07
3/20/2015 18:15,-93.1800062,19.41046529,-119.5767479,23.21557462,-106.378377,21.31301995,-2.58E-07
3/20/2015 18:15,-93.1800062,19.41046529,-120.7763067,22.62984912,-106.9781565,21.0201572,-2.86E-07
3/20/2015 18:15,-98.77416235,17.09564166,-122.0808947,21.97191281,-110.4275285,19.53377723,-2.03E-07
3/20/2015 18:15,-105.3002035,11.02587802,-118.9278068,15.07438595,-112.1140052,13.05013198,-1.95E-08
3/20/2015 18:15,-106.1031781,-3.209546334,-111.4969572,0.293829721,-108.8000677,-1.457858307,2.21E-07
3/20/2015 18:15,-105.6089006,-16.61734549,-111.4969572,0.293829721,-108.5529289,-8.161757886,3.66E-07
3/20/2015 18:15,-104.3356254,-22.31777134,-108.9308575,-6.439189276,-106.6332415,-14.37848031,4.26E-07
3/20/2015 18:15,-101.2154827,-35.22498485,-103.3074849,-23.20395806,-102.2614838,-29.21447145,4.22E-07
3/20/2015 18:15,-99.54458572,-40.40217498,-101.373785,-30.7457952,-100.4591854,-35.57398509,4.80E-07
3/20/2015 18:15,-98.494295,-43.90428094,-100.2372991,-36.23290579,-99.36579703,-40.06859337,6.60E-07
3/20/2015 18:15,-94.79735766,-47.25597671,-95.65795376,-39.45321828,-95.22765571,-43.35459749,7.39E-07
3/20/2015 18:15,-90.97323627,-47.99830228,-91.96685042,-40.3387004,-91.47004334,-44.16850134,7.37E-07
3/20/2015 18:15,-87.77391678,-48.70339459,-79.69455052,-41.43690125,-83.73423365,-45.07014792,7.03E-07
3/20/2015 18:15,-78.49089894,-47.76531481,-70.48861419,-42.27187311,-74.48975656,-45.01859396,7.87E-07
3/20/2015 18:15,-75.07047207,-47.62528733,-67.65947261,-42.1379581,-71.36497234,-44.88162272,7.95E-07
3/20/2015 18:15,-68.98980253,-46.62622127,-61.2263864,-42.24240441,-65.10809446,-44.43431284,6.49E-07
3/20/2015 18:15,-64.50696016,-45.55241987,-58.52926719,-41.52787494,-61.51811368,-43.5401474,6.34E-07
3/20/2015 18:15,-62.82842342,-45.26173903,-55.82425219,-43.37742835,-59.3263378,-44.31958369,6.75E-07
3/20/2015 18:15,-62.82842342,-45.26173903,-55.82425219,-43.37742835,-59.3263378,-44.31958369,6.75E-07
3/20/2015 18:15,-62.82842342,-45.26173903,-55.82425219,-43.37742835,-59.3263378,-44.31958369,6.75E-07
3/20/2015 18:15,-62.82842342,-45.26173903,-55.82425219,-43.37742835,-59.3263378,-44.31958369,6.75E-07
3/20/2015 18:15,-62.82842342,-45.26173903,-55.82425219,-43.37742835,-59.3263378,-44.31958369,6.75E-07
3/20/2015 18:15,-33.39402942,-54.64073398,-28.73672107,-50.74101926,-31.06537524,-52.69087662,8.10E-07
3/20/2015 18:15,-22.83472302,-58.12791255,-18.4620827,-53.32854537,-20.64840286,-55.72822896,8.28E-07
3/20/2015 18:15,-22.83472302,-58.12791255,-18.4620827,-53.32854537,-20.64840286,-55.72822896,8.28E-07
3/20/2015 18:15,-22.83472302,-58.12791255,-9.861337188,-56.76487291,-16.3480301,-57.44639273,8.15E-07
3/20/2015 18:15,-22.83472302,-58.12791255,-9.861337188,-56.76487291,-16.3480301,-57.44639273,8.15E-07
3/20/2015 18:15,-0.610530419,-64.6991615,7.759473345,-63.3267211,3.574471463,-64.0129413,9.03E-07
3/20/2015 18:15,19.48860377,-69.32306263,22.55771436,-67.93853138,21.02315907,-68.630797,9.79E-07
3/20/2015 18:15,50.51996214,-75.43199895,45.623731,-75.25637194,48.07184657,-75.34418544,1.06E-06
3/20/2015 18:15,50.51996214,-75.43199895,45.623731,-75.25637194,48.07184657,-75.34418544,1.06E-06
3/20/2015 18:15,74.64533653,-76.74916974,62.65756665,-80.17329029,68.65145159,-78.46123002,1.13E-06
3/20/2015 18:15,82.80201836,-80.71667374,64.45780174,-81.12385609,73.62991005,-80.92026491,1.17E-06
3/20/2015 18:15,72.41775042,-82.83986981,58.64831727,-81.14308873,65.53303385,-81.99147927,1.15E-06
3/20/2015 18:15,52.08068736,-85.31599662,40.31484963,-80.30856126,46.1977685,-82.81227894,1.17E-06
3/20/2015 18:15,52.08068736,-85.31599662,22.32559999,-80.85620062,37.20314367,-83.08609862,1.14E-06
3/20/2015 18:15,30.87808832,-89.25024764,10.64170142,-81.28604311,20.75989487,-85.26814538,1.14E-06
3/20/2015 18:15,22.60775555,-90.71308437,0.012804124,-77.00056522,11.31027984,-83.8568248,1.11E-06
3/20/2015 18:15,12.88096505,-91.33669402,-11.50728887,-76.26630853,0.686838088,-83.80150127,1.12E-06
3/20/2015 18:15,-4.293416284,-92.02620142,-19.91647209,-74.91828575,-12.10494419,-83.47224359,1.13E-06
3/20/2015 18:15,-12.77867344,-91.6116922,-23.94102406,-74.91598536,-18.35984875,-83.26383878,1.13E-06
3/20/2015 18:15,-25.14457876,-88.73893652,-30.64715763,-73.96348298,-27.89586819,-81.35120975,1.10E-06
3/20/2015 18:15,-33.39457161,-85.4673391,-35.97130621,-72.01442045,-34.68293891,-78.74087978,1.12E-06
3/20/2015 18:15,-36.64618509,-84.61623463,-37.61124909,-71.14028193,-37.12871709,-77.87825828,1.11E-06
3/20/2015 18:15,-41.69488786,-82.70422158,-41.56285558,-70.81979328,-41.62887172,-76.76200743,1.13E-06
3/20/2015 18:15,-45.4105128,-81.36226675,-44.05742055,-70.78501731,-44.73396667,-76.07364203,1.14E-06
3/20/2015 18:15,-47.55640177,-79.29578637,-46.57298282,-70.87680864,-47.0646923,-75.08629751,1.15E-06
3/20/2015 18:15,-49.43195603,-78.55668646,-48.31207592,-70.91658296,-48.87201598,-74.73663471,1.15E-06
3/20/2015 18:15,-50.63437133,-75.28031497,-50.38973386,-71.23234193,-50.51205259,-73.25632845,1.09E-06
3/20/2015 18:15,-51.04148251,-74.30022851,-50.89852536,-71.255807,-50.97000394,-72.77801776,1.09E-06
3/20/2015 18:15,-54.67002595,-68.28387322,-54.95297671,-65.3083315,-54.81150133,-66.79610236,9.81E-07
3/20/2015 18:15,-56.48911396,-64.81251746,-57.40296271,-62.23397476,-56.94603834,-63.52324611,9.32E-07
3/20/2015 18:15,-56.48911396,-64.81251746,-57.40296271,-62.23397476,-56.94603834,-63.52324611,9.32E-07
3/20/2015 18:15,-56.48911396,-64.81251746,-57.40296271,-62.23397476,-56.94603834,-63.52324611,9.32E-07
3/20/2015 18:15,-53.86385917,-46.07860085,-57.55345008,-41.32685122,-55.70865463,-43.70272603,7.21E-07
3/20/2015 18:15,-51.74406972,-12.8497949,-58.22980185,-24.05752532,-54.98693578,-18.45366011,7.20E-07
3/20/2015 18:15,-50.75145988,0.119752387,-58.74066257,-9.522010486,-54.74606123,-4.701129049,4.81E-07
3/20/2015 18:15,-50.82876261,13.6722041,-60.00558362,3.390939816,-55.41717311,8.531571957,2.37E-07
3/20/2015 18:15,-50.86615094,24.74564649,-60.41395132,14.23846168,-55.64005113,19.49205409,2.14E-07
3/20/2015 18:15,-50.59506658,33.91458704,-60.41395132,14.23846168,-55.50450895,24.07652436,2.93E-07
3/20/2015 18:15,-50.66183419,42.08997649,-60.92689644,32.02633284,-55.79436532,37.05815467,1.91E-07
3/20/2015 18:15,-50.67227472,48.71004449,-61.06801964,39.31194501,-55.87014718,44.01099475,3.84E-07
3/20/2015 18:15,-50.67227472,48.71004449,-61.06801964,39.31194501,-55.87014718,44.01099475,3.84E-07
3/20/2015 18:15,-50.67227472,48.71004449,-61.03991527,44.5597382,-55.85609499,46.63489135,4.33E-07
3/20/2015 18:15,-49.77783667,52.24511825,-60.54374739,54.33225415,-55.16079203,53.2886862,4.18E-07
3/20/2015 18:15,-48.01496976,53.44970806,-60.16656468,62.40674757,-54.09076722,57.92822781,-1.56E-08
3/20/2015 18:15,-46.43931159,54.73239858,-59.80204004,68.05192623,-53.12067582,61.39216241,-1.51E-07
3/20/2015 18:15,-44.34127353,58.1112367,-59.21536396,71.613448,-51.77831875,64.86234235,4.13E-07
3/20/2015 18:15,-46.85465427,59.10285449,-63.79172868,75.36744862,-55.32319147,67.23515155,-2.96E-07
3/20/2015 18:15,-49.27526365,60.54600284,-67.24000009,77.18310678,-58.25763187,68.86455481,-1.78E-07
3/20/2015 18:15,-55.59479602,63.31281167,-76.40991357,78.86802649,-66.00235479,71.09041908,-5.03E-07
3/20/2015 18:15,-59.90798369,63.51714922,-85.12124474,79.47359662,-72.51461421,71.49537292,-4.69E-07
3/20/2015 18:15,-63.60801508,64.2512442,-87.12947595,79.37372828,-75.36874552,71.81248624,-3.10E-07
3/20/2015 18:15,-69.5587865,65.3433034,-90.64330321,79.52977037,-80.10104485,72.43653688,-1.74E-07
3/20/2015 18:15,-72.05880069,66.02109339,-93.00550495,79.91620347,-82.53215282,72.96864843,-5.18E-07
3/20/2015 18:15,-74.05566525,67.34550602,-93.96970912,80.11277718,-84.01268718,73.7291416,-6.13E-07
3/20/2015 18:15,-74.05566525,67.34550602,-93.96970912,80.11277718,-84.01268718,73.7291416,-6.13E-07
3/20/2015 18:15,-74.05566525,67.34550602,-93.96970912,80.11277718,-84.01268718,73.7291416,-6.13E-07
3/20/2015 18:15,-74.05566525,67.34550602,-93.96970912,80.11277718,-84.01268718,73.7291416,-6.13E-07
3/20/2015 18:15,-38.20455399,66.41610362,-57.67649712,73.63996254,-47.94052555,70.02803308,-6.96E-07
3/20/2015 18:15,-29.73420795,70.15486137,-41.48187336,73.13626936,-35.60804066,71.64556537,-5.41E-07
3/20/2015 18:15,-29.73420795,70.15486137,-35.10438519,73.35976624,-32.41929657,71.75731381,-3.76E-07
3/20/2015 18:15,-29.73420795,70.15486137,-24.98371782,73.55155194,-27.35896289,71.85320666,-4.19E-07
3/20/2015 18:15,-29.73420795,70.15486137,-17.28026184,73.80170854,-23.5072349,71.97828496,-7.68E-08
3/20/2015 18:15,-17.44580028,74.61877267,-11.63668271,73.67215269,-14.5412415,74.14546268,-3.17E-07
3/20/2015 18:15,-8.565123231,80.36267158,-7.57188405,73.43852434,-8.06850364,76.90059796,-2.92E-07
3/20/2015 18:15,-6.80884951,82.19149875,-5.79087512,73.76373661,-6.299862315,77.97761768,-7.81E-08
3/20/2015 18:15,-6.430293002,82.18912774,-9.014958843,73.04017153,-7.722625923,77.61464963,-2.59E-07
3/20/2015 18:15,-6.403310492,82.11199303,-10.3381477,72.81347152,-8.370729096,77.46273228,-4.98E-07
3/20/2015 18:15,-5.953746348,81.32046587,-12.45148955,72.61117726,-9.20261795,76.96582157,-6.96E-07
3/20/2015 18:15,-5.45047891,80.67128623,-13.52745955,71.95310415,-9.48896923,76.31219519,-2.09E-07
3/20/2015 18:15,-5.45047891,80.67128623,-13.9389886,72.11484053,-9.694733756,76.39306338,-5.60E-08
3/20/2015 18:15,-5.375839488,80.39953921,-14.3809324,72.36036436,-9.878385945,76.37995179,-2.64E-07
3/20/2015 18:15,-4.96355957,81.39799296,-14.84793881,72.63096314,-9.905749191,77.01447805,-4.34E-07
3/20/2015 18:15,-4.96355957,81.39799296,-15.89347558,73.60669374,-10.42851757,77.50234335,-3.30E-07
3/20/2015 18:15,-6.064944624,83.04708442,-17.38637065,73.73977112,-11.72565764,78.39342777,-4.90E-08
3/20/2015 18:15,-7.305836599,82.56006106,-19.63584495,74.57656225,-13.47084077,78.56831165,-3.04E-07
3/20/2015 18:15,-9.917811375,81.91623103,-22.32289137,76.47724416,-16.12035137,79.1967376,-2.64E-07
3/20/2015 18:15,-13.58535341,80.42802192,-26.97708904,78.24020984,-20.28122123,79.33411588,-3.89E-07
3/20/2015 18:15,-23.76916589,78.39506242,-37.09127014,81.47635416,-30.43021802,79.93570829,-5.89E-07
3/20/2015 18:15,-30.68170866,76.48534508,-41.05293725,82.54902809,-35.86732296,79.51718658,-1.02E-06
3/20/2015 18:15,-33.23477463,75.63815895,-41.05293725,82.54902809,-37.14385594,79.09359352,-1.02E-06
3/20/2015 18:15,-37.30557217,74.17953174,-44.50361635,82.72255485,-40.90459426,78.45104329,-6.95E-07
3/20/2015 18:15,-40.08320784,73.88029911,-47.32810861,82.80490202,-43.70565823,78.34260056,-8.75E-07
3/20/2015 18:15,-41.22423218,74.1444352,-49.98553561,83.32616845,-45.6048839,78.73530182,-1.04E-06
3/20/2015 18:15,-42.81027394,74.29478636,-65.48885482,84.22653963,-54.14956438,79.26066299,-8.74E-07
3/20/2015 18:15,-54.17001012,75.03041313,-71.52370531,84.74757774,-62.84685771,79.88899544,-7.92E-07
3/20/2015 18:15,-59.68442864,74.45465049,-76.89672575,85.0536633,-68.2905772,79.7541569,-9.19E-07
3/20/2015 18:15,-62.20415166,70.73716345,-80.27074312,80.18297132,-71.23744739,75.46006739,-9.03E-07
3/20/2015 18:15,-62.20415166,70.73716345,-80.27074312,80.18297132,-71.23744739,75.46006739,-9.03E-07
3/20/2015 18:15,-62.20415166,70.73716345,-80.27074312,80.18297132,-71.23744739,75.46006739,-9.03E-07
3/20/2015 18:15,-62.20415166,70.73716345,-80.27074312,80.18297132,-71.23744739,75.46006739,-9.03E-07
3/20/2015 18:15,-63.28380838,72.05119251,-77.42159953,74.8898172,-70.35270395,73.47050485,-7.44E-07
3/20/2015 18:15,-63.16386877,74.9232499,-76.46733405,74.09561633,-69.81560141,74.50943311,-1.08E-06
3/20/2015 18:15,-62.236535,75.91585377,-74.93813284,73.21452865,-68.58733392,74.56519121,-7.06E-07
3/20/2015 18:15,-60.41949176,77.18764282,-70.93138475,75.44013722,-65.67543825,76.31389002,-7.25E-07
3/20/2015 18:15,-57.44996554,79.30318388,-69.4197061,76.51030392,-63.43483582,77.9067439,-1.08E-06
3/20/2015 18:15,-57.44996554,79.30318388,-68.0410384,77.51980498,-62.74550197,78.41149443,-1.08E-06
3/20/2015 18:15,-55.26130134,80.93799293,-66.03227016,79.55392592,-60.64678575,80.24595942,-9.58E-07
3/20/2015 18:15,-53.38194731,81.40749928,-64.32007831,80.86623593,-58.85101281,81.1368676,-1.21E-06
3/20/2015 18:15,-53.38194731,81.40749928,-63.61445757,81.2965559,-58.49820244,81.35202759,-1.26E-06
3/20/2015 18:15,-46.90048481,81.13776084,-58.23852791,81.19372716,-52.56950636,81.165744,-1.57E-06
3/20/2015 18:15,-44.35412991,81.12656826,-55.2618713,81.77346279,-49.8080006,81.45001553,-1.46E-06
3/20/2015 18:15,-42.0409732,81.05422802,-53.96247479,81.91385939,-48.00172399,81.48404371,-1.44E-06
3/20/2015 18:15,-40.95220011,81.19597918,-53.10098073,82.11609355,-47.02659042,81.65603637,-1.29E-06
3/20/2015 18:15,-39.17064947,81.24650379,-51.11721582,81.44374715,-45.14393265,81.34512547,-1.58E-06
3/20/2015 18:15,-39.17064947,81.24650379,-50.5398045,81.08947605,-44.85522699,81.16798992,-1.34E-06
3/20/2015 18:15,-38.20488585,81.15571645,-49.49387969,80.44739047,-43.84938277,80.80155346,-1.45E-06
3/20/2015 18:15,-37.14740318,80.59024056,-48.71712045,80.13171371,-42.93226182,80.36097713,-1.40E-06
3/20/2015 18:15,-36.73581364,80.35723363,-48.35824056,79.57261548,-42.5470271,79.96492456,-1.32E-06
3/20/2015 18:15,-36.72656596,79.61048644,-48.17592179,79.22305588,-42.45124388,79.41677116,-1.36E-06
3/20/2015 18:15,-36.36669644,79.34574684,-48.14215495,79.15584361,-42.25442569,79.25079523,-1.46E-06
3/20/2015 18:15,-35.99705648,80.02164806,-48.16217174,79.41905123,-42.07961411,79.72034965,-1.37E-06
3/20/2015 18:15,-38.32619944,76.13280925,-49.34214094,77.60219587,-43.83417019,76.86750256,-1.31E-06
3/20/2015 18:15,-44.17529083,67.25482909,-53.55631098,69.19573733,-48.86580091,68.22528321,-1.15E-06
3/20/2015 18:15,-49.24987132,60.68090929,-57.1228533,62.86625689,-53.18636231,61.77358309,-1.10E-06
3/20/2015 18:15,-51.44371901,57.95235936,-58.22576663,60.47614426,-54.83474282,59.21425181,-9.02E-07
3/20/2015 18:15,-53.23101649,55.28326096,-60.04125762,56.60319663,-56.63613705,55.94322879,-4.91E-07
3/20/2015 18:15,-54.37173404,55.6985591,-61.76508531,53.6197615,-58.06840968,54.6591603,-3.42E-07
3/20/2015 18:15,-54.37173404,55.6985591,-62.47769259,52.75243837,-58.42471331,54.22549873,-2.16E-07
3/20/2015 18:15,-54.37173404,55.6985591,-62.36727184,47.8087809,-58.36950294,51.75367,-1.29E-07
3/20/2015 18:15,-54.37173404,55.6985591,-62.36727184,47.8087809,-58.36950294,51.75367,-1.29E-07
3/20/2015 18:15,-54.37173404,55.6985591,-62.36727184,47.8087809,-58.36950294,51.75367,-1.29E-07
3/20/2015 18:15,-54.37173404,55.6985591,-70.17746045,47.41442547,-62.27459724,51.55649229,-1.78E-07
3/20/2015 18:15,-62.98386753,60.21299537,-70.17746045,47.41442547,-66.58066399,53.81371042,-3.61E-07
3/20/2015 18:15,-69.8147584,63.48545463,-82.27689882,54.76934511,-76.04582861,59.12739987,-3.81E-07
3/20/2015 18:15,-76.32432374,66.64268483,-87.29182152,58.30403338,-81.80807263,62.47335911,-3.47E-07
3/20/2015 18:15,-89.25969381,68.47956163,-102.2238315,65.73417279,-95.74176265,67.10686721,8.45E-08
3/20/2015 18:15,-99.90895871,69.62992355,-110.2312444,69.39176969,-105.0701015,69.51084662,-3.05E-07
3/20/2015 18:15,-99.90895871,69.62992355,-113.131022,70.78021776,-106.5199903,70.20507065,-3.98E-07
3/20/2015 18:15,-108.0620086,71.07059616,-118.1016077,73.18962433,-113.0818081,72.13011024,-4.93E-09
3/20/2015 18:15,-111.3742085,71.86809432,-121.9672019,75.1263906,-116.6707052,73.49724246,3.45E-07
3/20/2015 18:15,-114.3158204,72.68061357,-123.4573724,75.78174089,-118.8865964,74.23117723,2.34E-07
3/20/2015 18:15,-116.773543,73.38644659,-126.1256583,76.90261191,-121.4496007,75.14452925,1.63E-07
3/20/2015 18:15,-119.5568783,73.82531044,-127.2686693,75.36708747,-123.4127738,74.59619896,-7.51E-09
3/20/2015 18:15,-119.6711703,68.72799453,-126.670442,73.47214591,-123.1708061,71.10007022,1.91E-07
3/20/2015 18:15,-118.9582942,62.50278731,-122.8744736,65.50897449,-120.9163839,64.0058809,-1.34E-07
3/20/2015 18:15,-118.1804066,55.41606523,-121.4170593,61.99223847,-119.7987329,58.70415185,-1.38E-07
3/20/2015 18:15,-118.1804066,55.41606523,-120.1325964,58.97972008,-119.1565015,57.19789265,-2.08E-07
3/20/2015 18:15,-119.2120984,52.00847764,-119.0480528,56.76681591,-119.1300756,54.38764677,-2.56E-07
3/20/2015 18:15,-119.6694109,50.78435919,-118.0754144,54.83426383,-118.8724127,52.80931151,-4.15E-07
3/20/2015 18:15,-119.2268593,49.50136814,-117.6727292,56.41776895,-118.4497942,52.95956855,-8.19E-07
3/20/2015 18:15,-118.3499112,50.69922147,-118.7301859,60.85032129,-118.5400486,55.77477138,-9.44E-07
3/20/2015 18:15,-117.9006613,51.7530849,-120.2709284,66.36658329,-119.0857949,59.0598341,-6.40E-07
3/20/2015 18:15,-117.0625458,56.37000599,-121.5386408,70.58158084,-119.3005933,63.47579341,-5.14E-07
3/20/2015 18:15,-116.3792397,60.81472959,-121.9173605,72.20368907,-119.1483001,66.50920933,-2.38E-07
3/20/2015 18:15,-115.2134544,64.3239104,-122.5704249,74.2340488,-118.8919397,69.2789796,-2.90E-07
3/20/2015 18:15,-115.093184,67.55282539,-123.1558192,75.55867877,-119.1245016,71.55575208,-5.27E-07
3/20/2015 18:15,-115.093184,67.55282539,-123.1558192,75.55867877,-119.1245016,71.55575208,-5.27E-07
3/20/2015 18:15,-115.093184,67.55282539,-124.7839547,76.10360487,-119.9385694,71.82821513,-4.82E-07
3/20/2015 18:15,-116.5182701,69.87754074,-126.178925,75.87749022,-121.3485975,72.87751548,-4.04E-07
3/20/2015 18:15,-119.6653991,71.31963617,-127.8436491,77.19372515,-123.7545241,74.25668066,-1.03E-06
3/20/2015 18:15,-119.6653991,71.31963617,-129.1485798,78.51934429,-124.4069895,74.91949023,-1.31E-06
3/20/2015 18:15,-122.0025193,73.53494141,-129.847456,79.18813616,-125.9249876,76.36153879,-1.10E-06
3/20/2015 18:15,-122.0025193,73.53494141,-130.0762648,79.43189444,-126.0393921,76.48341792,-1.22E-06
3/20/2015 18:15,-124.0915213,75.27341096,-130.7778733,80.35206107,-127.4346973,77.81273601,-1.39E-06
3/20/2015 18:15,-126.0529403,74.40089455,-131.5612217,81.11527639,-128.807081,77.75808547,-8.62E-07
3/20/2015 18:15,-126.0529403,74.40089455,-131.7220682,82.05919945,-128.8875043,78.230047,-7.40E-07
3/20/2015 18:15,-127.5504284,74.53690496,-131.9249342,82.26131778,-129.7376813,78.39911137,-2.50E-07
3/20/2015 18:15,-128.5657897,75.41324388,-132.2264071,83.25005743,-130.3960984,79.33165065,-4.21E-07
3/20/2015 18:15,-128.5657897,75.41324388,-132.2264071,83.25005743,-130.3960984,79.33165065,-4.21E-07
3/20/2015 18:15,-128.5657897,75.41324388,-132.2264071,83.25005743,-130.3960984,79.33165065,-4.21E-07
3/20/2015 18:15,-128.5657897,75.41324388,-121.6671111,58.90266852,-125.1164504,67.1579562,-3.15E-07
3/20/2015 18:15,-114.4641083,33.55051486,-103.9047907,23.48291462,-109.1844495,28.51671474,7.35E-08
3/20/2015 18:15,-107.2478627,17.62582965,-97.02510311,9.676547391,-102.1364829,13.65118852,2.01E-07
3/20/2015 18:15,-94.59419679,-5.829510787,-85.96391259,-12.40336774,-90.27905469,-9.116439264,4.33E-07
3/20/2015 18:15,-85.40943403,-23.64861579,-77.8827119,-28.28072667,-81.64607297,-25.96467123,6.09E-07
3/20/2015 18:15,-81.45896291,-30.88394414,-74.57818083,-34.43854225,-78.01857187,-32.66124319,6.79E-07
3/20/2015 18:15,-75.28519185,-42.52251826,-69.12416771,-44.89076086,-72.20467978,-43.70663956,8.20E-07
3/20/2015 18:15,-71.05822804,-50.28083969,-64.79303337,-52.02716775,-67.92563071,-51.15400372,9.09E-07
3/20/2015 18:15,-67.75256831,-56.05841258,-62.29028077,-56.73342681,-65.02142454,-56.3959197,9.71E-07
3/20/2015 18:15,-65.63683918,-60.59399536,-61.17587149,-58.58108544,-63.40635534,-59.5875404,9.46E-07
3/20/2015 18:15,-62.56849223,-63.07907549,-55.9993576,-62.1934973,-59.28392492,-62.63628639,9.43E-07
3/20/2015 18:15,-55.9564403,-63.40833855,-49.67509213,-63.17653145,-52.81576622,-63.292435,9.45E-07
3/20/2015 18:15,-52.92525968,-63.503905,-46.89017448,-63.31497446,-49.90771708,-63.40943973,9.39E-07
3/20/2015 18:15,-47.72924572,-64.14392643,-41.97367947,-64.18022376,-44.85146259,-64.16207509,1.00E-06
3/20/2015 18:15,-43.2495959,-65.06736483,-38.5615102,-64.23293108,-40.90555305,-64.65014795,1.07E-06
3/20/2015 18:15,-42.20116942,-65.4549107,-37.06068275,-64.0662151,-39.63092609,-64.7605629,1.05E-06
3/20/2015 18:15,-41.31920339,-66.1838665,-36.20922137,-64.32777033,-38.76421238,-65.25581842,1.03E-06
3/20/2015 18:15,-41.31920339,-66.1838665,-36.20922137,-64.32777033,-38.76421238,-65.25581842,1.03E-06
3/20/2015 18:15,-41.31920339,-66.1838665,-36.20922137,-64.32777033,-38.76421238,-65.25581842,1.03E-06
3/20/2015 18:15,-41.31920339,-66.1838665,-36.20922137,-64.32777033,-38.76421238,-65.25581842,1.03E-06
3/20/2015 18:15,-51.08790919,-72.82445305,-49.3120209,-67.02006278,-50.19996504,-69.92225791,1.07E-06
3/20/2015 18:15,-51.08790919,-72.82445305,-60.25347651,-69.42823162,-55.67069285,-71.12634233,1.09E-06
3/20/2015 18:15,-68.68771834,-79.50760053,-77.64129456,-72.92163408,-73.16450645,-76.21461731,1.12E-06
3/20/2015 18:15,-86.82554201,-85.14507614,-90.50147089,-75.1220793,-88.66350645,-80.13357772,1.11E-06
3/20/2015 18:15,-91.48380185,-86.5427138,-95.51329783,-76.06779125,-93.49854984,-81.30525252,1.12E-06
3/20/2015 18:15,-98.02559116,-88.77322049,-103.7732198,-79.02785013,-100.8994055,-83.90053531,1.16E-06
3/20/2015 18:15,-102.988444,-90.62415491,-109.5931498,-81.62769566,-106.2907969,-86.12592528,1.19E-06
3/20/2015 18:15,-107.2736818,-92.03727033,-111.9992892,-82.61652767,-109.6364855,-87.326899,1.27E-06
3/20/2015 18:15,-110.928763,-92.68001579,-111.9992892,-82.61652767,-111.4640261,-87.64827173,1.26E-06
3/20/2015 18:15,-113.7782119,-93.41138782,-115.3682663,-84.58060089,-114.5732391,-88.99599435,1.30E-06
3/20/2015 18:15,-116.1211973,-93.70525841,-117.593722,-85.86420496,-116.8574596,-89.78473168,1.28E-06
3/20/2015 18:15,-116.8164824,-94.07739544,-118.3135985,-86.42859088,-117.5650405,-90.25299316,1.27E-06
3/20/2015 18:15,-118.4409588,-94.20399521,-119.9908846,-87.6142755,-119.2159217,-90.90913535,1.30E-06
3/20/2015 18:15,-119.3820933,-92.88637946,-117.1171482,-87.50401912,-118.2496207,-90.19519929,1.28E-06
3/20/2015 18:15,-119.3359018,-92.4950437,-116.0492075,-87.19529204,-117.6925546,-89.84516787,1.26E-06
3/20/2015 18:15,-117.7599075,-92.06360014,-113.9079932,-86.70652126,-115.8339504,-89.3850607,1.27E-06
3/20/2015 18:15,-115.4377945,-92.98382298,-111.8025446,-85.72039781,-113.6201696,-89.3521104,1.28E-06
3/20/2015 18:15,-113.5034933,-93.65014297,-110.3542347,-84.78198328,-111.928864,-89.21606312,1.24E-06
3/20/2015 18:15,-110.4495263,-94.34300928,-110.3542347,-84.78198328,-110.4018805,-89.56249628,1.25E-06
3/20/2015 18:15,-110.4495263,-94.34300928,-110.2981241,-84.45038812,-110.3738252,-89.3966987,1.25E-06
3/20/2015 18:15,-109.5956788,-94.18499748,-110.6079972,-84.35710924,-110.101838,-89.27105336,1.26E-06
3/20/2015 18:15,-110.1511375,-94.14261376,-111.3365162,-84.24503024,-110.7438268,-89.193822,1.26E-06
3/20/2015 18:15,-110.1511375,-94.14261376,-111.8974107,-85.59968915,-111.0242741,-89.87115146,1.28E-06
3/20/2015 18:15,-110.1511375,-94.14261376,-111.8974107,-85.59968915,-111.0242741,-89.87115146,1.28E-06
3/20/2015 18:15,-110.1511375,-94.14261376,-111.8974107,-85.59968915,-111.0242741,-89.87115146,1.28E-06
3/20/2015 18:15,-110.1511375,-94.14261376,-111.8974107,-85.59968915,-111.0242741,-89.87115146,1.28E-06
3/20/2015 18:15,-110.1511375,-94.14261376,-108.5432053,-85.60396703,-109.3471714,-89.87329039,1.28E-06
3/20/2015 18:15,-102.5231674,-90.93434019,-105.9595791,-84.66616366,-104.2413733,-87.80025192,1.23E-06
3/20/2015 18:15,-100.3738422,-88.61263058,-102.3975322,-80.72687358,-101.3856872,-84.66975208,1.21E-06
3/20/2015 18:15,-98.98047085,-86.72141139,-100.0776296,-78.00772344,-99.52905024,-82.36456741,1.17E-06
3/20/2015 18:15,-98.29964778,-85.74445432,-99.16011552,-76.90270991,-98.72988165,-81.32358212,1.13E-06
3/20/2015 18:15,-97.53241195,-83.68028766,-97.81213251,-75.09546528,-97.67227223,-79.38787647,1.11E-06
3/20/2015 18:15,-96.79397065,-82.94754217,-96.26970939,-74.32866927,-96.53184002,-78.63810572,1.11E-06
3/20/2015 18:15,-96.62863062,-82.50560198,-95.8183151,-73.94339144,-96.22347286,-78.22449671,1.10E-06
3/20/2015 18:15,-96.49931482,-82.01824419,-95.32127855,-73.74168527,-95.91029668,-77.87996473,1.08E-06
3/20/2015 18:15,-96.44109164,-81.66684842,-94.33483583,-73.92548069,-95.38796373,-77.79616456,1.06E-06
3/20/2015 18:15,-96.29834174,-82.76780573,-93.71440285,-73.86505425,-95.00637229,-78.31642999,1.13E-06
3/20/2015 18:15,-96.16261567,-83.26028788,-93.51079505,-73.81314278,-94.83670536,-78.53671533,1.14E-06
3/20/2015 18:15,-96.13442274,-83.91753794,-93.38772994,-73.89931202,-94.76107634,-78.90842498,1.17E-06
3/20/2015 18:15,-95.99319228,-84.17642699,-93.44943906,-74.45080056,-94.72131567,-79.31361378,1.19E-06
3/20/2015 18:15,-95.99319228,-84.17642699,-93.44357411,-74.64051495,-94.71838319,-79.40847097,1.18E-06
3/20/2015 18:15,-95.85317645,-84.13180243,-94.70563814,-74.07498371,-95.2794073,-79.10339307,1.18E-06
3/20/2015 18:15,-95.69881384,-84.27137093,-94.55617562,-73.64933866,-95.12749473,-78.9603548,1.16E-06
3/20/2015 18:15,-95.28429862,-83.72231546,-94.30806994,-73.38577157,-94.79618428,-78.55404352,1.14E-06
3/20/2015 18:15,-94.86822825,-83.28739717,-94.12970309,-73.19011216,-94.49896567,-78.23875466,1.16E-06
3/20/2015 18:15,-94.78123476,-82.28210489,-93.83749528,-72.74436563,-94.30936502,-77.51323526,1.13E-06
3/20/2015 18:15,-94.81733984,-81.97474927,-93.5649277,-72.29665403,-94.19113377,-77.13570165,1.07E-06
3/20/2015 18:15,-94.89022225,-82.01423812,-94.36062936,-72.23773089,-94.62542581,-77.12598451,1.04E-06
3/20/2015 18:15,-95.24407135,-82.04660296,-95.15242123,-71.79312468,-95.19824629,-76.91986382,1.07E-06
3/20/2015 18:15,-95.35438218,-82.0694677,-95.16841531,-71.73107669,-95.26139875,-76.9002722,1.08E-06
3/20/2015 18:15,-91.56730976,-82.4542644,-89.67221183,-72.55292671,-90.6197608,-77.50359555,1.08E-06
3/20/2015 18:15,-68.67061284,-83.06215592,-66.32413977,-77.13002606,-67.49737631,-80.09609099,1.12E-06
3/20/2015 18:15,-48.38546256,-84.58991267,-47.48049766,-79.27069282,-47.93298011,-81.93030275,1.14E-06
3/20/2015 18:15,-40.49615161,-84.81414883,-40.22025083,-80.06345708,-40.35820122,-82.43880296,1.19E-06
3/20/2015 18:15,-20.58162497,-86.00183631,-22.11305298,-81.79308226,-21.34733897,-83.89745928,1.17E-06
3/20/2015 18:15,-12.3528994,-86.93877535,-14.06280542,-82.6096418,-13.20785241,-84.77420858,1.18E-06
3/20/2015 18:15,-6.397980675,-86.46106621,-8.244770811,-83.41735208,-7.321375743,-84.93920914,1.22E-06
3/20/2015 18:15,-0.456332463,-85.58939286,-3.992283632,-84.11075788,-2.224308048,-84.85007537,1.24E-06
3/20/2015 18:15,-0.300873306,-83.87221003,-10.60862604,-77.63942494,-5.454749675,-80.75581749,1.12E-06
3/20/2015 18:15,-0.886825966,-81.82047363,-14.81146952,-73.22734274,-7.849147742,-77.52390818,1.01E-06
3/20/2015 18:15,-4.270021305,-76.67534466,-17.24593968,-54.95674589,-10.75798049,-65.81604528,1.01E-06
3/20/2015 18:15,-7.266240484,-70.18059344,-18.86803583,-42.55687846,-13.06713816,-56.36873595,8.48E-07
3/20/2015 18:15,-9.766492247,-63.76690902,-19.6858842,-37.68715928,-14.72618822,-50.72703415,9.04E-07
3/20/2015 18:15,-9.766492247,-63.76690902,-20.25655112,-29.72758503,-15.01152169,-46.74724703,7.86E-07
3/20/2015 18:15,-0.181916326,-41.75298289,-4.047041127,-14.93935561,-2.114478726,-28.34616925,8.75E-07
3/20/2015 18:15,26.34002219,-5.394427251,21.0339625,6.335211325,23.68699235,0.470392037,6.70E-07
3/20/2015 18:15,49.32732327,26.27265844,40.37252924,23.67964809,44.84992626,24.97615326,7.40E-08
3/20/2015 18:15,65.12005735,46.67216855,48.95618271,31.37494348,57.03812003,39.02355602,-1.05E-07
3/20/2015 18:15,74.02358189,56.63299789,62.3479798,46.24550339,68.18578085,51.43925064,-8.31E-08
3/20/2015 18:15,74.02358189,56.63299789,67.68639753,52.37020202,70.85498971,54.50159996,-3.65E-07
3/20/2015 18:15,80.77810807,63.40252246,79.65796635,65.66808629,80.21803721,64.53530437,-7.01E-07
3/20/2015 18:15,84.33888553,65.28773858,84.65517714,71.02054964,84.49703133,68.15414411,-8.33E-07
3/20/2015 18:15,87.12677569,66.48676282,86.50626427,72.99051268,86.81651998,69.73863775,-8.57E-07
3/20/2015 18:15,89.18530994,70.37772893,89.82478627,75.83355027,89.50504811,73.1056396,-4.78E-07
3/20/2015 18:15,95.87170059,72.82716777,92.4535578,76.75856149,94.1626292,74.79286463,-7.00E-07
3/20/2015 18:15,105.1490462,70.32249514,97.08915,78.23083847,101.1190981,74.27666681,-7.58E-07
3/20/2015 18:15,109.1537736,69.11108088,101.2431161,79.59287937,105.1984448,74.35198013,-8.26E-07
3/20/2015 18:15,112.0824936,68.37614586,114.6632186,83.43345018,113.3728561,75.90479802,-4.89E-07
3/20/2015 18:15,112.0824936,68.37614586,114.6632186,83.43345018,113.3728561,75.90479802,-4.89E-07
3/20/2015 18:15,118.8270363,66.77872616,124.4863929,86.80528364,121.6567146,76.7920049,-4.74E-07
3/20/2015 18:15,119.8200638,65.79844711,128.6528062,87.54793789,124.236435,76.6731925,-7.48E-07
3/20/2015 18:15,119.8200638,65.79844711,128.6528062,87.54793789,124.236435,76.6731925,-7.48E-07
3/20/2015 18:15,119.8200638,65.79844711,128.6528062,87.54793789,124.236435,76.6731925,-7.48E-07
3/20/2015 18:15,119.8200638,65.79844711,128.6528062,87.54793789,124.236435,76.6731925,-7.48E-07
3/20/2015 18:15,119.8200638,65.79844711,107.5855202,65.3169957,113.702792,65.55772141,-6.11E-07
3/20/2015 18:15,78.92900311,21.57237193,89.25776323,45.84932926,84.09338317,33.7108506,-1.96E-07
3/20/2015 18:15,50.35263372,-7.254934009,33.08483028,-9.824413142,41.718732,-8.539673575,3.04E-07
3/20/2015 18:15,30.24851966,-28.80388588,10.77184604,-32.41396685,20.51018285,-30.60892637,5.14E-07
3/20/2015 18:15,22.56967086,-36.67975958,-1.366803948,-42.61286155,10.60143346,-39.64631056,6.51E-07
3/20/2015 18:15,20.55396494,-32.81573261,5.851247341,-38.49019678,13.20260614,-35.65296469,6.47E-07
3/20/2015 18:15,44.15623275,-10.30418498,27.18912396,-20.34773347,35.67267836,-15.32595922,3.54E-07
3/20/2015 18:15,44.15623275,-10.30418498,39.58200552,-10.39088555,41.86911914,-10.34753526,3.27E-07
3/20/2015 18:15,64.23755895,13.86147129,61.74006966,10.71826637,62.98881431,12.28986883,-4.93E-09
3/20/2015 18:15,79.99037247,31.3880107,79.88528934,27.74850096,79.93783091,29.56825583,-3.76E-07
3/20/2015 18:15,86.53242291,38.30973572,93.24134888,38.89557227,89.8868859,38.60265399,-4.88E-07
3/20/2015 18:15,98.01191819,50.391801,108.8250637,52.336693,103.4184909,51.364247,-1.33E-06
3/20/2015 18:15,110.0473482,59.20934187,113.1695926,55.01052055,111.6084704,57.10993121,-1.17E-06
3/20/2015 18:15,114.9946497,62.79926334,118.4521684,58.42629874,116.723409,60.61278104,-1.08E-06
3/20/2015 18:15,122.3961446,67.3625171,126.4550781,63.77037557,124.4256114,65.56644633,-1.17E-06
3/20/2015 18:15,127.3561351,70.50624889,129.5378944,65.63600171,128.4470148,68.0711253,-9.64E-07
3/20/2015 18:15,130.7397465,73.56851702,133.8897021,68.21901479,132.3147243,70.8937659,-9.68E-07
3/20/2015 18:15,132.1555889,74.06699473,135.6618437,69.33762192,133.9087163,71.70230833,-7.46E-07
3/20/2015 18:15,134.4514595,75.69370794,138.0261955,70.72784915,136.2388275,73.21077855,-9.57E-07
